time;GEN_A1_generator_omegaPu;GEN_A1_generator_PGen;GEN_A1_generator_QGen;GEN_A1_generator_UStatorPu;GEN_A1_voltageRegulator_EfdPu;GEN_A2_generator_omegaPu;GEN_A2_generator_PGen;GEN_A2_generator_QGen;GEN_A2_generator_UStatorPu;GEN_B1_generator_omegaPu;GEN_B1_generator_PGen;GEN_B1_generator_QGen;GEN_B1_generator_UStatorPu;GEN_B1_voltageRegulator_EfdPu;GEN_B2_generator_omegaPu;GEN_B2_generator_PGen;GEN_B2_generator_QGen;GEN_B2_generator_UStatorPu;OMEGA_REF_omegaRef_0_value;OMEGA_REF_omegaRef_1_value;OMEGA_REF_omegaRef_grp_0_value;OMEGA_REF_omegaRef_grp_2_value;NETWORK_A_HV1_Upu_value;NETWORK_A_HV2_Upu_value;NETWORK_A_HV3_Upu_value;NETWORK_B_HV1_Upu_value;NETWORK_B_HV2_Upu_value;NETWORK_A_LD1_Upu_value;NETWORK_B_LD2_Upu_value;NETWORK_A_HV1_numcc_value;NETWORK_B_HV1_numcc_value;HVDC1_hvdc_PInj1Pu;HVDC1_hvdc_PInj2Pu;HVDC1_hvdc_P1RefPu;LOAD_A1_load_PPu;
0.000000;1.000000;794.190580;-5.204548;1.002046;2.202370;1.000000;158.784219;25.812895;1.012318;1.000000;401.492389;31.929886;1.003539;1.519369;1.000000;100.388529;10.450065;1.005022;1.000000;1.000000;1.000000;1.000000;0.999999;0.999999;0.999999;1.000048;1.000039;0.986942;0.992595;0.000000;1.000000;-0.600000;0.600000;0.600000;3.499993;
0.000001;1.000000;794.190580;-5.204548;1.002046;2.202370;1.000000;158.784219;25.812895;1.012318;1.000000;401.492315;31.930314;1.003539;1.519370;1.000000;100.388526;10.450148;1.005022;1.000000;1.000000;1.000000;1.000000;0.999999;0.999999;0.999999;1.000048;1.000039;0.986942;0.992595;0.000000;1.000000;-0.600000;0.600000;0.600000;3.499993;
0.000002;1.000000;794.190580;-5.204548;1.002046;2.202370;1.000000;158.784219;25.812895;1.012318;1.000000;401.492316;31.930314;1.003539;1.519370;1.000000;100.388526;10.450148;1.005022;1.000000;1.000000;1.000000;1.000000;0.999999;0.999999;0.999999;1.000048;1.000039;0.986942;0.992595;0.000000;1.000000;-0.600000;0.600000;0.600000;3.499993;
0.000004;1.000000;794.190580;-5.204548;1.002046;2.202370;1.000000;158.784219;25.812895;1.012318;1.000000;401.492322;31.930288;1.003539;1.519370;1.000000;100.388524;10.450143;1.005022;1.000000;1.000000;1.000000;1.000000;0.999999;0.999999;0.999999;1.000048;1.000039;0.986942;0.992595;0.000000;1.000000;-0.600000;0.600000;0.600000;3.499993;
0.000008;1.000000;794.190580;-5.204548;1.002046;2.202370;1.000000;158.784219;25.812895;1.012318;1.000000;401.492321;31.930314;1.003539;1.519370;1.000000;100.388522;10.450149;1.005022;1.000000;1.000000;1.000000;1.000000;0.999999;0.999999;0.999999;1.000048;1.000039;0.986942;0.992595;0.000000;1.000000;-0.600000;0.600000;0.600000;3.499993;
0.000016;1.000000;794.190579;-5.204548;1.002046;2.202370;1.000000;158.784219;25.812895;1.012318;1.000000;401.492327;31.930314;1.003539;1.519370;1.000000;100.388517;10.450149;1.005022;1.000000;1.000000;1.000000;1.000000;0.999999;0.999999;0.999999;1.000048;1.000039;0.986942;0.992595;0.000000;1.000000;-0.600000;0.600000;0.600000;3.499993;
0.000032;1.000000;794.190578;-5.204548;1.002046;2.202370;1.000000;158.784219;25.812895;1.012318;1.000000;401.492340;31.930314;1.003539;1.519370;1.000000;100.388506;10.450150;1.005022;1.000000;1.000000;1.000000;1.000000;0.999999;0.999999;0.999999;1.000048;1.000039;0.986942;0.992595;0.000000;1.000000;-0.600000;0.600000;0.600000;3.499993;
0.000064;1.000000;794.190577;-5.204549;1.002046;2.202370;1.000000;158.784219;25.812895;1.012318;1.000000;401.492366;31.930314;1.003539;1.519370;1.000000;100.388486;10.450151;1.005022;1.000000;1.000000;1.000000;1.000000;0.999999;0.999999;0.999999;1.000048;1.000039;0.986942;0.992595;0.000000;1.000000;-0.600000;0.600000;0.600000;3.499993;
0.000128;1.000000;794.190573;-5.204549;1.002046;2.202370;1.000000;158.784219;25.812895;1.012318;1.000000;401.492417;31.930314;1.003539;1.519370;1.000000;100.388445;10.450154;1.005022;1.000000;1.000000;1.000000;1.000000;0.999999;0.999999;0.999999;1.000048;1.000039;0.986942;0.992595;0.000000;1.000000;-0.600000;0.600000;0.600000;3.499993;
0.000256;1.000000;794.190567;-5.204549;1.002046;2.202370;1.000000;158.784219;25.812895;1.012318;1.000000;401.492519;31.930314;1.003539;1.519369;1.000000;100.388364;10.450159;1.005022;1.000000;1.000000;1.000000;1.000000;0.999999;0.999999;0.999999;1.000048;1.000039;0.986942;0.992595;0.000000;1.000000;-0.600000;0.600000;0.600000;3.499993;
0.000512;1.000000;794.190554;-5.204549;1.002046;2.202370;1.000000;158.784220;25.812895;1.012318;1.000000;401.492722;31.930313;1.003539;1.519369;1.000000;100.388201;10.450169;1.005022;1.000000;1.000000;1.000000;1.000000;0.999999;0.999999;0.999999;1.000048;1.000039;0.986942;0.992595;0.000000;1.000000;-0.600000;0.600000;0.600000;3.499993;
0.001024;1.000000;794.190528;-5.204550;1.002046;2.202370;1.000000;158.784221;25.812896;1.012318;1.000000;401.493125;31.930311;1.003539;1.519367;1.000000;100.387880;10.450191;1.005022;1.000000;1.000000;1.000000;1.000000;0.999999;0.999999;0.999999;1.000048;1.000039;0.986942;0.992595;0.000000;1.000000;-0.600000;0.600000;0.600000;3.499993;
0.002048;1.000000;794.190477;-5.204551;1.002046;2.202370;1.000000;158.784224;25.812897;1.012318;1.000000;401.493916;31.930305;1.003539;1.519365;1.000000;100.387248;10.450236;1.005022;1.000000;1.000000;1.000000;1.000000;0.999999;0.999999;0.999999;1.000048;1.000040;0.986942;0.992595;0.000000;1.000000;-0.599999;0.599999;0.599999;3.499992;
0.004096;1.000000;794.190375;-5.204554;1.002046;2.202370;1.000000;158.784228;25.812898;1.012318;1.000000;401.495442;31.930283;1.003540;1.519360;1.000000;100.386027;10.450331;1.005022;1.000000;1.000000;1.000000;1.000000;0.999999;0.999999;0.999999;1.000048;1.000040;0.986942;0.992595;0.000000;1.000000;-0.599998;0.599998;0.599998;3.499992;
0.008192;1.000000;794.190175;-5.204558;1.002046;2.202371;1.000000;158.784232;25.812900;1.012318;1.000001;401.498273;31.930200;1.003540;1.519351;1.000001;100.383755;10.450547;1.005023;1.000000;1.000001;1.000000;1.000001;0.999999;0.999999;0.999999;1.000049;1.000040;0.986942;0.992596;0.000000;1.000000;-0.599997;0.599997;0.599997;3.499992;
0.016384;1.000000;794.189790;-5.204562;1.002046;2.202371;1.000000;158.784225;25.812902;1.012318;1.000001;401.503114;31.929894;1.003541;1.519339;1.000002;100.379846;10.451067;1.005023;1.000000;1.000001;1.000000;1.000001;0.999999;0.999999;0.999999;1.000049;1.000041;0.986942;0.992596;0.000000;1.000000;-0.599993;0.599993;0.599993;3.499992;
0.032768;1.000000;794.189074;-5.204558;1.002046;2.202372;1.000000;158.784163;25.812900;1.012318;1.000003;401.509903;31.928821;1.003541;1.519331;1.000004;100.374279;10.452391;1.005024;1.000000;1.000003;1.000000;1.000003;0.999998;0.999999;0.999999;1.000050;1.000041;0.986942;0.992597;0.000000;1.000000;-0.599986;0.599986;0.599986;3.499992;
0.065536;1.000000;794.187793;-5.204519;1.002046;2.202372;1.000000;158.783888;25.812879;1.012318;1.000005;401.514390;31.925443;1.003539;1.519362;1.000008;100.370397;10.455728;1.005025;1.000000;1.000006;1.000000;1.000006;0.999998;0.999999;0.999999;1.000049;1.000041;0.986942;0.992596;0.000000;1.000000;-0.599970;0.599970;0.599970;3.499992;
0.131072;1.000000;794.185488;-5.204385;1.002046;2.202368;1.000000;158.783010;25.812819;1.012318;1.000010;401.500898;31.916802;1.003532;1.519520;1.000015;100.381467;10.463068;1.005023;1.000000;1.000011;1.000000;1.000011;0.999999;0.999999;0.999999;1.000042;1.000035;0.986943;0.992591;0.000000;1.000000;-0.599936;0.599936;0.599936;3.499993;
0.262144;1.000000;794.180382;-5.204041;1.002047;2.202354;1.000000;158.781275;25.812646;1.012319;1.000020;401.450369;31.900630;1.003512;1.519905;1.000026;100.424780;10.475463;1.005014;1.000000;1.000021;1.000000;1.000021;0.999999;0.999999;0.999999;1.000024;1.000021;0.986943;0.992577;0.000000;1.000000;-0.599858;0.599858;0.599858;3.499997;
0.524288;1.000000;794.164471;-5.203045;1.002049;2.202318;1.000000;158.779943;25.811880;1.012320;1.000038;401.450389;31.885495;1.003495;1.520258;1.000040;100.430365;10.488132;1.005006;1.000000;1.000038;1.000000;1.000038;1.000001;1.000001;1.000001;1.000007;1.000007;0.986945;0.992563;0.000000;1.000000;-0.599663;0.599663;0.599663;3.500006;
1.000000;1.000001;794.131286;-5.201020;1.002052;2.202255;1.000001;158.776302;25.810340;1.012322;1.000063;401.524222;31.883480;1.003503;1.520101;1.000063;100.404420;10.492121;1.005015;1.000001;1.000063;1.000001;1.000063;1.000004;1.000004;1.000004;1.000015;1.000015;0.986948;0.992571;0.000000;1.000000;-0.599256;0.599256;0.599256;3.500023;
1.000000;1.000001;897.843694;7.172712;0.986183;2.519633;1.000001;177.684267;33.211974;0.999679;1.000063;401.524222;31.883481;1.003503;1.520101;1.000063;100.404421;10.492121;1.005015;1.000001;1.000063;1.000001;1.000063;0.982147;0.983557;0.982905;1.000015;1.000015;0.966452;0.992571;0.000000;1.000000;-0.599256;0.599256;0.599256;4.845093;
1.000001;1.000001;897.843493;7.172669;0.986183;2.519636;1.000001;177.684318;33.212004;0.999679;1.000063;401.524226;31.883481;1.003503;1.520101;1.000063;100.404421;10.492121;1.005015;1.000001;1.000063;1.000001;1.000063;0.982147;0.983557;0.982905;1.000015;1.000015;0.966452;0.992571;0.000000;1.000000;-0.599256;0.599256;0.599256;4.845092;
1.000002;1.000001;897.843293;7.172626;0.986183;2.519638;1.000001;177.684369;33.212035;0.999679;1.000063;401.524230;31.883480;1.003503;1.520101;1.000063;100.404421;10.492121;1.005015;1.000001;1.000063;1.000001;1.000063;0.982147;0.983557;0.982905;1.000015;1.000015;0.966452;0.992571;0.000000;1.000000;-0.599256;0.599256;0.599256;4.845091;
1.000004;1.000001;897.842893;7.172539;0.986182;2.519642;1.000001;177.684470;33.212095;0.999679;1.000063;401.524237;31.883480;1.003503;1.520101;1.000063;100.404422;10.492121;1.005015;1.000001;1.000063;1.000001;1.000063;0.982147;0.983557;0.982904;1.000015;1.000015;0.966452;0.992571;0.000000;1.000000;-0.599256;0.599256;0.599256;4.845090;
1.000008;1.000001;897.842092;7.172367;0.986182;2.519650;1.000001;177.684673;33.212216;0.999678;1.000063;401.524253;31.883480;1.003503;1.520101;1.000063;100.404424;10.492122;1.005015;1.000001;1.000063;1.000001;1.000063;0.982146;0.983556;0.982904;1.000015;1.000015;0.966452;0.992571;0.000000;1.000000;-0.599256;0.599256;0.599256;4.845087;
1.000016;1.000001;897.840491;7.172022;0.986181;2.519667;1.000001;177.685079;33.212458;0.999678;1.000063;401.524283;31.883479;1.003503;1.520101;1.000063;100.404428;10.492123;1.005015;1.000001;1.000063;1.000001;1.000063;0.982146;0.983556;0.982903;1.000015;1.000015;0.966451;0.992571;0.000000;1.000000;-0.599255;0.599255;0.599255;4.845081;
1.000032;1.000001;897.837289;7.171333;0.986180;2.519700;1.000001;177.685891;33.212941;0.999677;1.000063;401.524344;31.883477;1.003503;1.520101;1.000063;100.404435;10.492124;1.005015;1.000001;1.000063;1.000001;1.000063;0.982144;0.983554;0.982902;1.000015;1.000015;0.966449;0.992571;0.000000;1.000000;-0.599255;0.599255;0.599255;4.845069;
1.000064;1.000001;897.830889;7.169955;0.986176;2.519766;1.000001;177.687514;33.213907;0.999674;1.000063;401.524465;31.883472;1.003503;1.520101;1.000063;100.404450;10.492127;1.005015;1.000001;1.000063;1.000001;1.000063;0.982141;0.983551;0.982899;1.000015;1.000015;0.966446;0.992571;0.000000;1.000000;-0.599253;0.599253;0.599253;4.845045;
1.000128;1.000000;897.818103;7.167202;0.986170;2.519899;1.000000;177.690753;33.215839;0.999669;1.000063;401.524708;31.883464;1.003503;1.520101;1.000063;100.404480;10.492133;1.005015;1.000000;1.000063;1.000000;1.000063;0.982134;0.983545;0.982892;1.000015;1.000015;0.966440;0.992571;0.000000;1.000000;-0.599250;0.599250;0.599250;4.844998;
1.000256;0.999999;897.792588;7.161705;0.986156;2.520164;0.999998;177.697206;33.219695;0.999659;1.000063;401.525194;31.883448;1.003502;1.520102;1.000063;100.404540;10.492145;1.005015;0.999999;1.000063;0.999999;1.000063;0.982122;0.983533;0.982880;1.000015;1.000015;0.966427;0.992571;0.000000;1.000000;-0.599245;0.599245;0.599245;4.844904;
1.000512;0.999998;897.741784;7.150751;0.986130;2.520693;0.999994;177.710016;33.227381;0.999639;1.000063;401.526167;31.883415;1.003502;1.520103;1.000063;100.404660;10.492169;1.005015;0.999997;1.000063;0.999997;1.000063;0.982096;0.983509;0.982856;1.000015;1.000015;0.966402;0.992571;0.000000;1.000000;-0.599234;0.599234;0.599234;4.844717;
1.001024;0.999994;897.641071;7.129002;0.986077;2.521742;0.999987;177.735251;33.242655;0.999600;1.000063;401.528115;31.883350;1.003502;1.520104;1.000063;100.404900;10.492217;1.005015;0.999993;1.000063;0.999993;1.000063;0.982046;0.983462;0.982807;1.000015;1.000015;0.966353;0.992571;0.000000;1.000000;-0.599211;0.599211;0.599211;4.844344;
1.002048;0.999986;897.443194;7.086128;0.985974;2.523812;0.999973;177.784191;33.272810;0.999522;1.000063;401.532019;31.883218;1.003502;1.520107;1.000064;100.405384;10.492312;1.005015;0.999984;1.000063;0.999984;1.000063;0.981947;0.983368;0.982711;1.000015;1.000015;0.966255;0.992571;0.000000;1.000000;-0.599166;0.599166;0.599166;4.843609;
1.004096;0.999971;897.061358;7.002797;0.985773;2.527837;0.999944;177.876042;33.331611;0.999371;1.000063;401.539861;31.882954;1.003502;1.520113;1.000064;100.406362;10.492504;1.005014;0.999966;1.000063;0.999966;1.000063;0.981754;0.983186;0.982524;1.000015;1.000015;0.966065;0.992570;0.000000;1.000000;-0.599075;0.599075;0.599075;4.842180;
1.008192;0.999941;896.351173;6.845195;0.985392;2.535454;0.999887;178.036310;33.443632;0.999084;1.000064;401.555669;31.882424;1.003501;1.520126;1.000064;100.408359;10.492886;1.005014;0.999931;1.000064;0.999931;1.000064;0.981389;0.982842;0.982170;1.000014;1.000014;0.965705;0.992570;0.000000;1.000000;-0.598892;0.598892;0.598892;4.839475;
1.016384;0.999882;895.128690;6.561891;0.984709;2.549111;0.999772;178.268260;33.648631;0.998569;1.000064;401.587735;31.881358;1.003500;1.520151;1.000064;100.412499;10.493649;1.005013;0.999862;1.000064;0.999862;1.000064;0.980734;0.982224;0.981535;1.000013;1.000013;0.965060;0.992569;0.000000;1.000000;-0.598519;0.598519;0.598519;4.834624;
1.032768;0.999766;893.364667;6.094415;0.983605;2.571197;0.999543;178.414949;34.003572;0.997739;1.000065;401.653342;31.879235;1.003497;1.520202;1.000065;100.421229;10.495143;1.005012;0.999725;1.000065;0.999725;1.000065;0.979674;0.981223;0.980507;1.000010;1.000011;0.964015;0.992567;0.000000;1.000000;-0.597753;0.597753;0.597753;4.826778;
1.065536;0.999539;891.880486;5.402019;0.982133;2.600624;0.999103;177.695498;34.602723;0.996660;1.000066;401.788698;31.875199;1.003492;1.520305;1.000066;100.439672;10.497888;1.005009;0.999459;1.000066;0.999459;1.000066;0.978261;0.979891;0.979136;1.000005;1.000007;0.962624;0.992563;0.000000;1.000000;-0.596171;0.596171;0.596171;4.816330;
1.098304;0.999316;892.424691;4.902415;0.981356;2.616168;0.998705;175.925303;35.139676;0.996147;1.000067;401.928027;31.871599;1.003487;1.520402;1.000066;100.458586;10.500216;1.005006;0.999204;1.000067;0.999204;1.000067;0.977518;0.979197;0.978417;1.000000;1.000003;0.961891;0.992558;0.000000;1.000000;-0.594546;0.594546;0.594546;4.810829;
1.131072;0.999092;894.214430;4.482736;0.980987;2.623541;0.998366;173.490332;35.678787;0.995988;1.000068;402.069848;31.868580;1.003483;1.520487;1.000066;100.477045;10.502049;1.005004;0.998960;1.000067;0.998960;1.000067;0.977170;0.978883;0.978085;0.999995;0.999999;0.961549;0.992555;0.000000;1.000000;-0.592905;0.592905;0.592905;4.808257;
1.163840;0.998867;896.645953;4.088999;0.980852;2.626247;0.998095;170.751043;36.236195;0.996048;1.000068;402.213295;31.866203;1.003480;1.520558;1.000066;100.494403;10.503362;1.005002;0.998726;1.000068;0.998726;1.000068;0.977050;0.978793;0.977977;0.999992;0.999996;0.961431;0.992552;0.000000;1.000000;-0.591264;0.591264;0.591264;4.807376;
1.196608;0.998638;899.262486;3.706354;0.980857;2.626158;0.997894;168.033184;36.797455;0.996246;1.000068;402.357905;31.864476;1.003477;1.520613;1.000065;100.510285;10.504171;1.005000;0.998502;1.000067;0.998502;1.000067;0.977070;0.978840;0.978007;0.999989;0.999993;0.961450;0.992549;0.000000;1.000000;-0.589633;0.589633;0.589633;4.807521;
1.229376;0.998407;901.724153;3.341964;0.980960;2.624099;0.997758;165.617183;37.333205;0.996541;1.000068;402.503412;31.863365;1.003475;1.520653;1.000064;100.524553;10.504513;1.004998;0.998288;1.000067;0.998288;1.000067;0.977188;0.978986;0.978137;0.999986;0.999991;0.961567;0.992547;0.000000;1.000000;-0.588015;0.588015;0.588015;4.808397;
1.262144;0.998173;903.785735;3.012890;0.981148;2.620333;0.997675;163.727338;37.809783;0.996910;1.000067;402.649617;31.862821;1.003474;1.520679;1.000063;100.537271;10.504431;1.004997;0.998082;1.000066;0.998082;1.000066;0.977393;0.979219;0.978353;0.999984;0.999990;0.961768;0.992546;0.000000;1.000000;-0.586411;0.586411;0.586411;4.809910;
1.294912;0.997937;905.283617;2.738557;0.981420;2.614893;0.997630;162.522169;38.196211;0.997342;1.000066;402.796325;31.862788;1.003473;1.520690;1.000061;100.548668;10.503968;1.004996;0.997881;1.000065;0.997881;1.000065;0.977681;0.979534;0.978653;0.999983;0.999989;0.962053;0.992545;0.000000;1.000000;-0.584820;0.584820;0.584820;4.812044;
1.360448;0.997470;906.344373;2.427315;0.982194;2.599414;0.997561;162.363607;38.606423;0.998328;1.000063;403.089914;31.863984;1.003474;1.520679;1.000057;100.569541;10.502063;1.004995;0.997487;1.000062;0.997487;1.000062;0.978484;0.980376;0.979474;0.999983;0.999989;0.962844;0.992545;0.000000;1.000000;-0.581671;0.581671;0.581671;4.817980;
1.425984;0.997014;905.138423;2.447714;0.983202;2.579245;0.997437;164.778622;38.537550;0.999386;1.000058;403.382237;31.866663;1.003476;1.520630;1.000053;100.590123;10.498937;1.004995;0.997091;1.000057;0.997091;1.000057;0.979511;0.981420;0.980509;0.999984;0.999990;0.963855;0.992546;0.000000;1.000000;-0.578552;0.578552;0.578552;4.825577;
1.491520;0.996577;902.418271;2.768047;0.984303;2.557232;0.997177;168.799995;38.072041;1.000379;1.000053;403.671250;31.870586;1.003480;1.520553;1.000047;100.613216;10.494681;1.004996;0.996687;1.000052;0.996687;1.000052;0.980615;0.982515;0.981611;0.999987;0.999992;0.964943;0.992548;0.000000;1.000000;-0.575453;0.575453;0.575453;4.833749;
1.557056;0.996163;899.258387;3.270550;0.985330;2.536685;0.996747;173.119085;37.398172;1.001194;1.000046;403.955274;31.875566;1.003485;1.520456;1.000041;100.640697;10.489358;1.004998;0.996270;1.000045;0.996270;1.000045;0.981632;0.983502;0.982615;0.999990;0.999995;0.965945;0.992551;0.000000;1.000000;-0.572367;0.572367;0.572367;4.841276;
1.622592;0.995771;896.736834;3.777617;0.986148;2.520322;0.996174;176.480521;36.760336;1.001778;1.000038;404.233355;31.881436;1.003490;1.520350;1.000034;100.673111;10.483053;1.004999;0.995844;1.000037;0.995844;1.000037;0.982431;0.984264;0.983398;0.999994;0.999999;0.966732;0.992554;0.000000;1.000000;-0.569295;0.569295;0.569295;4.847200;
1.688128;0.995395;895.600948;4.121885;0.986684;2.509604;0.995526;178.055335;36.369390;1.002141;1.000029;404.505410;31.888023;1.003495;1.520242;1.000025;100.709686;10.475901;1.005000;0.995419;1.000028;0.995419;1.000028;0.982950;0.984752;0.983902;0.999998;1.000002;0.967244;0.992558;0.000000;1.000000;-0.566241;0.566241;0.566241;4.851044;
1.753664;0.995028;896.056338;4.214935;0.986937;2.504541;0.994889;177.653820;36.324931;1.002333;1.000019;404.772129;31.895126;1.003500;1.520142;1.000015;100.748707;10.468100;1.005000;0.995003;1.000018;0.995003;1.000018;0.983194;0.984981;0.984137;1.000002;1.000005;0.967484;0.992560;0.000000;1.000000;-0.563212;0.563212;0.563212;4.852852;
1.819200;0.994665;897.763536;4.069411;0.986971;2.503879;0.994338;175.710863;36.594815;1.002420;1.000008;405.034666;31.902517;1.003505;1.520055;1.000004;100.788105;10.459894;1.005000;0.994606;1.000007;0.994606;1.000007;0.983228;0.985018;0.984171;1.000005;1.000007;0.967518;0.992563;0.000000;1.000000;-0.560215;0.560215;0.560215;4.853103;
1.884736;0.994302;900.022601;3.770669;0.986888;2.505520;0.993916;173.073417;37.053029;1.002475;0.999996;405.294256;31.909960;1.003508;1.519985;0.999992;100.826055;10.451543;1.004998;0.994232;0.999995;0.994232;0.999995;0.983156;0.984963;0.984104;1.000007;1.000008;0.967446;0.992564;0.000000;1.000000;-0.557254;0.557254;0.557254;4.852563;
1.950272;0.993938;902.045862;3.430826;0.986807;2.507147;0.993624;170.687758;37.539719;1.002564;0.999983;405.551868;31.917233;1.003511;1.519937;0.999978;100.861448;10.443285;1.004996;0.993881;0.999982;0.993881;0.999982;0.983089;0.984921;0.984048;1.000008;1.000008;0.967380;0.992564;0.000000;1.000000;-0.554328;0.554328;0.554328;4.852070;
2.015808;0.993579;902.698066;3.214093;0.986874;2.505815;0.993447;169.888073;37.818481;1.002758;0.999969;405.807112;31.923924;1.003512;1.519921;0.999964;100.893157;10.435484;1.004992;0.993555;0.999968;0.993555;0.999968;0.983171;0.985025;0.984140;1.000007;1.000007;0.967461;0.992563;0.000000;1.000000;-0.551450;0.551450;0.551450;4.852680;
2.074790;0.993263;902.401284;3.141009;0.987038;2.502522;0.993282;170.194077;37.891890;1.002979;0.999956;406.035203;31.929501;1.003511;1.519924;0.999950;100.920753;10.428813;1.004987;0.993267;0.999955;0.993267;0.999955;0.983346;0.985212;0.984321;1.000005;1.000005;0.967634;0.992561;0.000000;1.000000;-0.548877;0.548877;0.548877;4.853980;
2.133773;0.992958;901.482089;3.177811;0.987264;2.498005;0.993084;171.198869;37.815982;1.003207;0.999942;406.261024;31.934620;1.003510;1.519945;0.999936;100.948359;10.422487;1.004983;0.992981;0.999941;0.992981;0.999941;0.983578;0.985447;0.984555;1.000003;1.000002;0.967862;0.992558;0.000000;1.000000;-0.546320;0.546320;0.546320;4.855700;
2.192755;0.992662;900.269388;3.280652;0.987510;2.493087;0.992847;172.517336;37.655633;1.003418;0.999927;406.484455;31.939354;1.003509;1.519979;0.999921;100.976497;10.416448;1.004977;0.992696;0.999926;0.992696;0.999926;0.983827;0.985693;0.984803;1.000000;0.999999;0.968107;0.992555;0.000000;1.000000;-0.543776;0.543776;0.543776;4.857541;
2.251737;0.992378;898.999540;3.429435;0.987733;2.488624;0.992565;173.851384;37.445036;1.003580;0.999912;406.704766;31.943632;1.003506;1.520030;0.999906;101.005692;10.410710;1.004972;0.992412;0.999911;0.992412;0.999911;0.984048;0.985906;0.985021;0.999997;0.999995;0.968325;0.992551;0.000000;1.000000;-0.541246;0.541246;0.541246;4.859184;
2.369702;0.991847;897.637797;3.604940;0.987958;2.484123;0.991943;175.030288;37.217489;1.003726;0.999879;407.130644;31.950226;1.003498;1.520198;0.999873;101.068153;10.400621;1.004958;0.991864;0.999878;0.991864;0.999878;0.984270;0.986115;0.985237;0.999986;0.999984;0.968544;0.992540;0.000000;1.000000;-0.536266;0.536266;0.536266;4.860828;
2.469523;0.991416;897.144978;3.651800;0.988034;2.482604;0.991445;175.217389;37.166416;1.003780;0.999850;407.482053;31.954482;1.003488;1.520383;0.999844;101.122276;10.393088;1.004945;0.991421;0.999849;0.991421;0.999849;0.984346;0.986187;0.985311;0.999975;0.999973;0.968619;0.992529;0.000000;1.000000;-0.532111;0.532111;0.532111;4.861393;
2.569344;0.991003;896.922300;3.637445;0.988061;2.482063;0.991000;175.078051;37.192721;1.003817;0.999819;407.824699;31.957184;1.003477;1.520613;0.999813;101.176463;10.386795;1.004930;0.991002;0.999818;0.991002;0.999818;0.984377;0.986218;0.985342;0.999963;0.999960;0.968649;0.992516;0.000000;1.000000;-0.528025;0.528025;0.528025;4.861618;
2.669165;0.990605;896.714642;3.606154;0.988079;2.481716;0.990598;174.918796;37.236596;1.003855;0.999787;408.159862;31.958482;1.003464;1.520881;0.999782;101.230309;10.381690;1.004915;0.990604;0.999786;0.990604;0.999786;0.984399;0.986242;0.985365;0.999948;0.999946;0.968670;0.992502;0.000000;1.000000;-0.524003;0.524003;0.524003;4.861781;
2.868807;0.989872;895.917225;3.587759;0.988151;2.480272;0.989885;175.057348;37.255247;1.003949;0.999719;408.802652;31.955733;1.003431;1.521538;0.999714;101.336557;10.376108;1.004882;0.989874;0.999718;0.989874;0.999718;0.984479;0.986327;0.985447;0.999913;0.999913;0.968750;0.992469;0.000000;1.000000;-0.516201;0.516201;0.516201;4.862379;
3.068450;0.989201;894.920777;3.616167;0.988244;2.478418;0.989225;175.442862;37.213088;1.004038;0.999648;409.417432;31.947841;1.003393;1.522298;0.999642;101.441999;10.375067;1.004846;0.989205;0.999647;0.989205;0.999647;0.984578;0.986425;0.985546;0.999874;0.999876;0.968847;0.992433;0.000000;1.000000;-0.508648;0.508648;0.508648;4.863110;
3.467734;0.988071;893.134667;3.720967;0.988422;2.474846;0.988094;176.082754;37.086825;1.004178;0.999495;410.543030;31.915731;1.003304;1.524069;0.999489;101.649762;10.387906;1.004774;0.988075;0.999494;0.988075;0.999494;0.984762;0.986601;0.985726;0.999784;0.999794;0.969029;0.992352;0.000000;1.000000;-0.494527;0.494527;0.494527;4.864478;
3.867018;0.987122;891.600744;3.846948;0.988599;2.471302;0.987141;176.556056;36.948889;1.004299;0.999335;411.574472;31.871786;1.003209;1.525971;0.999330;101.852827;10.412304;1.004702;0.987125;0.999334;0.987125;0.999334;0.984941;0.986768;0.985899;0.999689;0.999709;0.969205;0.992267;0.000000;1.000000;-0.481353;0.481353;0.481353;4.865807;
4.665586;0.985756;889.161552;4.152581;0.988958;2.464121;0.985772;177.199929;36.636335;1.004504;0.999009;413.329581;31.760327;1.003018;1.529782;0.999005;102.233583;10.485550;1.004576;0.985759;0.999008;0.985759;0.999008;0.985294;0.987088;0.986236;0.999501;0.999546;0.969553;0.992106;0.000000;1.000000;-0.458378;0.458378;0.458378;4.868427;
5.464155;0.984786;887.177547;4.470912;0.989292;2.457454;0.984798;177.635990;36.321374;1.004669;0.998689;414.831679;31.643565;1.002840;1.533346;0.998685;102.585982;10.568333;1.004467;0.984788;0.998688;0.984788;0.998688;0.985617;0.987374;0.986540;0.999328;0.999397;0.969871;0.991958;0.000000;1.000000;-0.438340;0.438340;0.438340;4.870821;
6.262723;0.984106;885.543866;4.773049;0.989587;2.451543;0.984116;177.918092;36.027960;1.004801;0.998383;416.125358;31.530021;1.002680;1.536559;0.998380;102.909306;10.651185;1.004375;0.984108;0.998382;0.984108;0.998382;0.985900;0.987621;0.986805;0.999172;0.999266;0.970149;0.991828;0.000000;1.000000;-0.420838;0.420838;0.420838;4.872923;
7.859860;0.983206;882.871394;5.300646;0.990083;2.441632;0.983212;178.243543;35.521213;1.005004;0.997815;418.327958;31.322610;1.002402;1.542119;0.997813;103.490040;10.802623;1.004223;0.983207;0.997815;0.983207;0.997815;0.986372;0.988030;0.987245;0.998904;0.999042;0.970615;0.991606;0.000000;1.000000;-0.390726;0.390726;0.390726;4.876429;
9.456996;0.982847;880.955626;5.702609;0.990441;2.434475;0.982850;178.290886;35.145549;1.005136;0.997324;420.015470;31.155282;1.002188;1.546401;0.997323;103.971490;10.926589;1.004112;0.982848;0.997324;0.982848;0.997324;0.986712;0.988319;0.987559;0.998699;0.998873;0.970949;0.991438;0.000000;1.000000;-0.367292;0.367292;0.367292;4.878946;
12.651270;0.982758;878.410389;6.188008;0.990877;2.425744;0.982758;178.103330;34.708477;1.005300;0.996579;422.383830;30.933577;1.001900;1.552161;0.996579;104.683302;11.089451;1.003962;0.982758;0.996579;0.982758;0.996579;0.987127;0.988672;0.987942;0.998421;0.998644;0.971358;0.991211;0.000000;1.000000;-0.334134;0.334134;0.334134;4.882032;
15.433036;0.983023;877.174578;6.368826;0.991056;2.422176;0.983022;177.812513;34.560912;1.005377;0.996148;423.638197;30.829394;1.001759;1.554978;0.996148;105.084063;11.163199;1.003886;0.983023;0.996148;0.983023;0.996148;0.987300;0.988820;0.988102;0.998285;0.998531;0.971529;0.991100;0.000000;1.000000;-0.316423;0.316423;0.316423;4.883316;
18.214803;0.983301;876.410640;6.440813;0.991146;2.420361;0.983301;177.558851;34.511292;1.005427;0.995862;424.451999;30.769388;1.001674;1.556677;0.995862;105.348408;11.202138;1.003838;0.983301;0.995862;0.983301;0.995862;0.987391;0.988900;0.988187;0.998203;0.998463;0.971618;0.991033;0.000000;1.000000;-0.304943;0.304943;0.304943;4.883989;
20.996570;0.983510;875.920987;6.467206;0.991195;2.419399;0.983510;177.376092;34.501072;1.005462;0.995678;424.981849;30.735915;1.001621;1.557735;0.995678;105.518846;11.223558;1.003806;0.983510;0.995678;0.983510;0.995678;0.987441;0.988945;0.988234;0.998151;0.998420;0.971667;0.990989;0.000000;1.000000;-0.297495;0.297495;0.297495;4.884359;
26.560103;0.983745;875.332419;6.497127;0.991253;2.418237;0.983745;177.166591;34.491205;1.005506;0.995465;425.613841;30.696836;1.001557;1.559017;0.995465;105.717961;11.249991;1.003767;0.983745;0.995465;0.983745;0.995465;0.987501;0.988999;0.988291;0.998087;0.998366;0.971727;0.990936;0.000000;1.000000;-0.288637;0.288637;0.288637;4.884807;
30.000000;0.983805;875.175932;6.502532;0.991268;2.417937;0.983805;177.112721;34.490779;1.005519;0.995412;425.781805;30.686116;1.001540;1.559361;0.995412;105.769077;11.257060;1.003757;0.983805;0.995412;0.983805;0.995412;0.987516;0.989014;0.988306;0.998070;0.998351;0.971742;0.990922;0.000000;1.000000;-0.286301;0.286301;0.286301;4.884925;
