time;NL_G1_generator_omegaPu;NL_G1_generator_PGenPu;NL_G1_generator_QGenPu;NL_G1_generator_UPu;NL_G1_generator_efdPu;NL_G1_compensator_VcPu;NL_G1_pss_VPssPu;NL_G1_governor_PmPu;NL_G2_generator_omegaPu;NL_G2_generator_PGenPu;NL_G2_generator_QGenPu;NL_G2_generator_UPu;NL_G2_generator_efdPu;NL_G3_generator_omegaPu;NL_G3_generator_PGenPu;NL_G3_generator_QGenPu;NL_G3_generator_UPu;NL_G3_generator_efdPu;
0.000000;1.000000;5.716782;0.870788;1.018007;1.697171;1.018007;0.000000;0.519787;1.000000;1.327904;0.777398;1.018007;1.865222;1.000000;1.427903;0.832931;1.018007;2.037478;
0.000001;1.000000;5.716782;0.870788;1.018007;1.697171;1.018007;0.000000;0.519787;1.000000;1.327904;0.777398;1.018007;1.865222;1.000000;1.427903;0.832931;1.018007;2.037478;
0.000002;1.000000;5.716782;0.870788;1.018007;1.697171;1.018007;0.000000;0.519787;1.000000;1.327904;0.777398;1.018007;1.865222;1.000000;1.427903;0.832931;1.018007;2.037478;
0.000004;1.000000;5.716782;0.870788;1.018007;1.697171;1.018007;0.000000;0.519787;1.000000;1.327904;0.777398;1.018007;1.865222;1.000000;1.427903;0.832931;1.018007;2.037478;
0.000008;1.000000;5.716782;0.870788;1.018007;1.697171;1.018007;0.000000;0.519787;1.000000;1.327904;0.777398;1.018007;1.865222;1.000000;1.427903;0.832931;1.018007;2.037478;
0.000016;1.000000;5.716783;0.870788;1.018007;1.697171;1.018007;0.000000;0.519787;1.000000;1.327904;0.777398;1.018007;1.865222;1.000000;1.427903;0.832931;1.018007;2.037478;
0.000032;1.000000;5.716783;0.870788;1.018007;1.697171;1.018007;0.000000;0.519787;1.000000;1.327904;0.777398;1.018007;1.865222;1.000000;1.427903;0.832931;1.018007;2.037478;
0.000064;1.000000;5.716783;0.870787;1.018007;1.697171;1.018007;0.000001;0.519787;1.000000;1.327903;0.777399;1.018007;1.865222;1.000000;1.427902;0.832932;1.018007;2.037478;
0.000128;1.000000;5.716784;0.870786;1.018006;1.697171;1.018006;0.000001;0.519787;1.000000;1.327903;0.777399;1.018006;1.865222;1.000000;1.427902;0.832932;1.018006;2.037478;
0.000256;1.000000;5.716786;0.870783;1.018006;1.697171;1.018006;0.000002;0.519787;1.000000;1.327901;0.777400;1.018006;1.865222;1.000000;1.427901;0.832933;1.018006;2.037478;
0.000327;1.000000;5.716787;0.870782;1.018006;1.697171;1.018006;0.000003;0.519787;1.000000;1.327901;0.777400;1.018006;1.865222;1.000000;1.427900;0.832933;1.018006;2.037479;
0.000512;1.000000;5.716789;0.870778;1.018006;1.697171;1.018006;0.000004;0.519787;1.000000;1.327899;0.777402;1.018006;1.865223;1.000000;1.427898;0.832934;1.018006;2.037481;
0.001024;1.000000;5.716796;0.870769;1.018006;1.697171;1.018006;0.000008;0.519787;1.000000;1.327895;0.777405;1.018006;1.865225;1.000000;1.427894;0.832938;1.018006;2.037490;
0.002048;1.000000;5.716807;0.870753;1.018005;1.697171;1.018005;0.000015;0.519787;1.000000;1.327887;0.777410;1.018005;1.865235;1.000000;1.427886;0.832943;1.018005;2.037524;
0.004096;1.000000;5.716823;0.870727;1.018005;1.697171;1.018005;0.000027;0.519787;1.000000;1.327876;0.777419;1.018005;1.865273;1.000000;1.427874;0.832952;1.018005;2.037650;
0.008192;1.000000;5.716839;0.870693;1.018003;1.697171;1.018003;0.000043;0.519787;1.000000;1.327862;0.777430;1.018003;1.865397;1.000000;1.427860;0.832963;1.018003;2.038051;
0.016384;1.000000;5.716842;0.870659;1.018002;1.697174;1.018002;0.000058;0.519787;1.000000;1.327855;0.777440;1.018002;1.865721;1.000000;1.427853;0.832974;1.018002;2.039041;
0.032768;1.000000;5.716806;0.870630;1.018001;1.697190;1.018001;0.000064;0.519787;1.000000;1.327868;0.777445;1.018001;1.866272;1.000000;1.427868;0.832988;1.018001;2.040548;
0.049820;1.000000;5.716757;0.870612;1.018001;1.697223;1.018001;0.000063;0.519787;1.000001;1.327892;0.777449;1.018001;1.866489;1.000001;1.427896;0.833006;1.018001;2.040881;
0.049821;1.000000;5.716757;0.870612;1.018001;1.697223;1.018001;0.000063;0.519787;1.000001;1.327892;0.777449;1.018001;1.866489;1.000001;1.427896;0.833006;1.018001;2.040881;
0.049822;1.000000;5.716757;0.870612;1.018001;1.697223;1.018001;0.000063;0.519787;1.000001;1.327892;0.777449;1.018001;1.866489;1.000001;1.427896;0.833006;1.018001;2.040881;
0.049824;1.000000;5.716757;0.870612;1.018001;1.697223;1.018001;0.000063;0.519787;1.000001;1.327892;0.777449;1.018001;1.866489;1.000001;1.427896;0.833006;1.018001;2.040881;
0.049828;1.000000;5.716757;0.870612;1.018001;1.697223;1.018001;0.000063;0.519787;1.000001;1.327892;0.777449;1.018001;1.866489;1.000001;1.427896;0.833006;1.018001;2.040881;
0.049836;1.000000;5.716757;0.870612;1.018001;1.697223;1.018001;0.000063;0.519787;1.000001;1.327892;0.777449;1.018001;1.866490;1.000001;1.427896;0.833006;1.018001;2.040882;
0.049852;1.000000;5.716757;0.870612;1.018001;1.697223;1.018001;0.000063;0.519787;1.000001;1.327892;0.777449;1.018001;1.866490;1.000001;1.427896;0.833006;1.018001;2.040883;
0.049884;1.000000;5.716757;0.870612;1.018001;1.697223;1.018001;0.000063;0.519787;1.000001;1.327892;0.777449;1.018001;1.866491;1.000001;1.427896;0.833006;1.018001;2.040884;
0.049948;1.000000;5.716757;0.870612;1.018001;1.697223;1.018001;0.000063;0.519787;1.000001;1.327892;0.777449;1.018001;1.866492;1.000001;1.427896;0.833006;1.018001;2.040888;
0.050076;1.000000;5.716757;0.870612;1.018001;1.697223;1.018001;0.000063;0.519787;1.000001;1.327892;0.777449;1.018001;1.866495;1.000001;1.427897;0.833006;1.018001;2.040895;
0.050332;1.000000;5.716756;0.870611;1.018001;1.697223;1.018001;0.000063;0.519787;1.000001;1.327892;0.777449;1.018001;1.866501;1.000001;1.427897;0.833006;1.018001;2.040908;
0.050844;1.000000;5.716755;0.870611;1.018001;1.697224;1.018001;0.000063;0.519787;1.000001;1.327893;0.777449;1.018001;1.866512;1.000001;1.427898;0.833007;1.018001;2.040935;
0.051868;1.000000;5.716752;0.870609;1.018001;1.697226;1.018001;0.000064;0.519787;1.000001;1.327894;0.777449;1.018001;1.866535;1.000001;1.427899;0.833008;1.018001;2.040988;
0.053916;1.000000;5.716746;0.870607;1.018001;1.697229;1.018001;0.000064;0.519787;1.000001;1.327897;0.777449;1.018001;1.866578;1.000001;1.427902;0.833010;1.018001;2.041085;
0.058012;1.000000;5.716734;0.870602;1.018001;1.697236;1.018001;0.000064;0.519787;1.000001;1.327902;0.777450;1.018001;1.866655;1.000001;1.427908;0.833014;1.018001;2.041248;
0.066204;1.000000;5.716710;0.870594;1.018002;1.697251;1.018002;0.000063;0.519787;1.000001;1.327914;0.777451;1.018002;1.866773;1.000001;1.427922;0.833022;1.018002;2.041447;
0.082588;1.000000;5.716661;0.870578;1.018002;1.697287;1.018002;0.000060;0.519787;1.000001;1.327938;0.777454;1.018002;1.866877;1.000001;1.427952;0.833041;1.018002;2.041411;
0.115356;1.000000;5.716572;0.870545;1.018004;1.697372;1.018004;0.000058;0.519787;1.000001;1.327986;0.777463;1.018004;1.866757;1.000001;1.428009;0.833083;1.018004;2.040410;
0.148124;1.000001;5.716496;0.870517;1.018006;1.697462;1.018006;0.000059;0.519787;1.000002;1.328030;0.777475;1.018006;1.866408;1.000002;1.428058;0.833120;1.018006;2.038949;
0.213660;1.000001;5.716390;0.870495;1.018010;1.697623;1.018010;0.000061;0.519787;1.000002;1.328103;0.777496;1.018010;1.865723;1.000002;1.428124;0.833158;1.018010;2.036944;
0.344732;1.000002;5.716383;0.870597;1.018014;1.697750;1.018014;0.000055;0.519787;1.000002;1.328139;0.777490;1.018014;1.865129;1.000002;1.428130;0.833103;1.018014;2.036675;
0.475280;1.000003;5.716440;0.870721;1.018017;1.697750;1.018017;0.000044;0.519788;1.000003;1.328128;0.777461;1.018017;1.864970;1.000003;1.428112;0.833042;1.018017;2.036949;
0.475804;1.000003;5.716440;0.870721;1.018017;1.697750;1.018017;0.000044;0.519788;1.000003;1.328128;0.777460;1.018017;1.864969;1.000003;1.428112;0.833042;1.018017;2.036950;
0.500305;1.000003;5.716449;0.870738;1.018018;1.697732;1.018018;0.000042;0.519788;1.000003;1.328125;0.777455;1.018018;1.864966;1.000003;1.428110;0.833034;1.018018;2.036967;
0.737948;1.000004;5.716532;0.870906;1.018022;1.697558;1.018022;0.000027;0.519788;1.000004;1.328094;0.777400;1.018022;1.864938;1.000004;1.428091;0.832960;1.018022;2.037134;
1.000000;1.000005;5.716538;0.871001;1.018021;1.697407;1.018021;0.000020;0.519789;1.000005;1.328088;0.777357;1.018021;1.864879;1.000006;1.428088;0.832906;1.018021;2.037075;
1.000000;1.000005;6.002447;0.886241;1.016197;1.697407;1.016196;0.000020;0.519789;1.000005;1.419060;0.784181;1.016197;1.864879;1.000006;1.519326;0.838821;1.016197;2.037075;
1.000001;1.000005;6.002442;0.886247;1.016197;1.697407;1.016197;0.000017;0.519789;1.000005;1.419064;0.784178;1.016197;1.864879;1.000006;1.519329;0.838819;1.016197;2.037075;
1.000002;1.000005;6.002438;0.886254;1.016197;1.697407;1.016197;0.000014;0.519789;1.000005;1.419067;0.784176;1.016197;1.864879;1.000006;1.519333;0.838816;1.016197;2.037075;
1.000004;1.000005;6.002428;0.886268;1.016198;1.697407;1.016198;0.000008;0.519789;1.000005;1.419074;0.784171;1.016198;1.864879;1.000005;1.519339;0.838812;1.016198;2.037075;
1.000006;1.000005;6.002419;0.886281;1.016198;1.697407;1.016198;0.000003;0.519789;1.000005;1.419080;0.784167;1.016198;1.864879;1.000005;1.519346;0.838807;1.016198;2.037075;
1.000010;1.000005;6.002400;0.886309;1.016199;1.697407;1.016199;-0.000008;0.519789;1.000005;1.419094;0.784157;1.016199;1.864879;1.000005;1.519360;0.838797;1.016199;2.037075;
1.000014;1.000005;6.002381;0.886337;1.016200;1.697407;1.016200;-0.000020;0.519789;1.000005;1.419107;0.784148;1.016200;1.864879;1.000005;1.519373;0.838788;1.016200;2.037074;
1.000018;1.000005;6.002362;0.886364;1.016201;1.697407;1.016201;-0.000031;0.519789;1.000005;1.419120;0.784138;1.016201;1.864879;1.000005;1.519387;0.838778;1.016201;2.037074;
1.000022;1.000005;6.002343;0.886392;1.016201;1.697407;1.016201;-0.000042;0.519789;1.000005;1.419134;0.784129;1.016201;1.864879;1.000005;1.519400;0.838769;1.016201;2.037074;
1.000026;1.000005;6.002325;0.886420;1.016202;1.697407;1.016202;-0.000053;0.519789;1.000005;1.419147;0.784119;1.016202;1.864878;1.000005;1.519414;0.838759;1.016202;2.037073;
1.000030;1.000005;6.002306;0.886447;1.016203;1.697407;1.016203;-0.000064;0.519789;1.000005;1.419160;0.784110;1.016203;1.864878;1.000005;1.519428;0.838750;1.016203;2.037072;
1.000038;1.000005;6.002268;0.886502;1.016205;1.697407;1.016205;-0.000087;0.519789;1.000005;1.419187;0.784091;1.016205;1.864878;1.000005;1.519455;0.838731;1.016205;2.037071;
1.000046;1.000005;6.002231;0.886557;1.016207;1.697407;1.016207;-0.000109;0.519789;1.000005;1.419213;0.784072;1.016207;1.864877;1.000005;1.519482;0.838712;1.016207;2.037069;
1.000054;1.000005;6.002193;0.886612;1.016208;1.697407;1.016208;-0.000132;0.519789;1.000005;1.419240;0.784053;1.016208;1.864877;1.000005;1.519509;0.838693;1.016208;2.037067;
1.000062;1.000005;6.002156;0.886667;1.016210;1.697407;1.016210;-0.000154;0.519789;1.000005;1.419266;0.784034;1.016210;1.864876;1.000005;1.519536;0.838674;1.016210;2.037064;
1.000078;1.000005;6.002081;0.886777;1.016214;1.697407;1.016214;-0.000198;0.519789;1.000005;1.419319;0.783997;1.016214;1.864875;1.000005;1.519590;0.838636;1.016214;2.037058;
1.000110;1.000005;6.001932;0.886995;1.016220;1.697407;1.016220;-0.000287;0.519789;1.000005;1.419424;0.783922;1.016220;1.864869;1.000005;1.519697;0.838561;1.016220;2.037038;
1.000174;1.000005;6.001637;0.887429;1.016234;1.697407;1.016234;-0.000464;0.519789;1.000005;1.419632;0.783774;1.016234;1.864853;1.000005;1.519910;0.838412;1.016234;2.036974;
1.000302;1.000005;6.001059;0.888282;1.016261;1.697407;1.016261;-0.000812;0.519789;1.000004;1.420041;0.783482;1.016261;1.864796;1.000004;1.520328;0.838119;1.016261;2.036753;
1.000558;1.000005;5.999947;0.889938;1.016313;1.697406;1.016313;-0.001489;0.519789;1.000003;1.420831;0.782916;1.016313;1.864579;1.000003;1.521136;0.837550;1.016313;2.035937;
1.000814;1.000004;5.998876;0.891544;1.016364;1.697406;1.016363;-0.002149;0.519789;1.000002;1.421594;0.782369;1.016364;1.864256;1.000002;1.521916;0.837000;1.016364;2.034749;
1.001326;1.000004;5.996894;0.894569;1.016461;1.697406;1.016461;-0.003400;0.519789;1.000000;1.423017;0.781341;1.016461;1.863183;1.000000;1.523372;0.835968;1.016461;2.030924;
1.001838;1.000003;5.995062;0.897417;1.016553;1.697405;1.016549;-0.004585;0.519789;0.999998;1.424342;0.780377;1.016553;1.861686;0.999998;1.524730;0.835000;1.016553;2.025694;
1.002350;1.000002;5.993372;0.900099;1.016640;1.697404;1.016637;-0.005708;0.519789;0.999995;1.425575;0.779473;1.016640;1.859771;0.999995;1.525995;0.834093;1.016640;2.019110;
1.002862;1.000002;5.991815;0.902623;1.016722;1.697403;1.016719;-0.006773;0.519789;0.999993;1.426722;0.778625;1.016722;1.857450;0.999993;1.527172;0.833242;1.016722;2.011227;
1.003886;1.000000;5.989178;0.907111;1.016872;1.697400;1.016872;-0.008686;0.519789;0.999988;1.428706;0.777132;1.016872;1.851301;0.999988;1.529213;0.831742;1.016872;1.990716;
1.004081;1.000000;5.988756;0.907872;1.016898;1.697399;1.016898;-0.009014;0.519789;0.999987;1.429032;0.776881;1.016898;1.849864;0.999987;1.529549;0.831490;1.016898;1.985983;
1.004081;1.000000;5.988755;0.907872;1.016898;1.697399;1.016898;-0.009014;0.519789;0.999987;1.429032;0.776881;1.016898;1.849864;0.999987;1.529549;0.831490;1.016898;1.985983;
1.004082;1.000000;5.988753;0.907876;1.016898;1.697399;1.016898;-0.009016;0.519789;0.999987;1.429034;0.776880;1.016898;1.849858;0.999987;1.529551;0.831489;1.016898;1.985962;
1.004083;1.000000;5.988750;0.907880;1.016898;1.697399;1.016898;-0.009017;0.519789;0.999987;1.429036;0.776879;1.016898;1.849852;0.999987;1.529552;0.831487;1.016898;1.985941;
1.004085;1.000000;5.988745;0.907889;1.016898;1.697399;1.016898;-0.009021;0.519789;0.999987;1.429039;0.776876;1.016898;1.849839;0.999987;1.529556;0.831484;1.016898;1.985900;
1.004089;1.000000;5.988736;0.907906;1.016899;1.697399;1.016899;-0.009028;0.519789;0.999987;1.429047;0.776870;1.016899;1.849814;0.999987;1.529564;0.831479;1.016899;1.985816;
1.004097;1.000000;5.988716;0.907940;1.016900;1.697399;1.016900;-0.009043;0.519789;0.999987;1.429062;0.776859;1.016900;1.849764;0.999987;1.529580;0.831467;1.016900;1.985649;
1.004113;1.000000;5.988676;0.908009;1.016902;1.697399;1.016902;-0.009072;0.519789;0.999987;1.429092;0.776836;1.016902;1.849663;0.999987;1.529611;0.831444;1.016902;1.985314;
1.004145;1.000000;5.988597;0.908145;1.016907;1.697398;1.016907;-0.009131;0.519789;0.999987;1.429152;0.776791;1.016907;1.849461;0.999987;1.529672;0.831399;1.016907;1.984641;
1.004209;1.000000;5.988440;0.908417;1.016916;1.697398;1.016916;-0.009247;0.519789;0.999987;1.429271;0.776701;1.016916;1.849051;0.999987;1.529795;0.831308;1.016916;1.983281;
1.004337;1.000000;5.988131;0.908953;1.016934;1.697398;1.016934;-0.009476;0.519789;0.999986;1.429505;0.776523;1.016934;1.848215;0.999986;1.530036;0.831130;1.016934;1.980507;
1.004403;1.000000;5.987975;0.909226;1.016943;1.697397;1.016943;-0.009593;0.519789;0.999986;1.429624;0.776432;1.016943;1.847777;0.999986;1.530158;0.831039;1.016943;1.979053;
1.004404;1.000000;5.987973;0.909230;1.016943;1.697397;1.016943;-0.009595;0.519789;0.999986;1.429626;0.776431;1.016943;1.847770;0.999986;1.530160;0.831038;1.016943;1.979030;
1.004405;1.000000;5.987971;0.909234;1.016944;1.697397;1.016944;-0.009597;0.519789;0.999986;1.429627;0.776430;1.016944;1.847763;0.999986;1.530162;0.831036;1.016944;1.979008;
1.004407;1.000000;5.987966;0.909243;1.016944;1.697397;1.016944;-0.009600;0.519789;0.999986;1.429631;0.776427;1.016944;1.847750;0.999986;1.530166;0.831033;1.016944;1.978964;
1.004411;1.000000;5.987956;0.909259;1.016944;1.697397;1.016944;-0.009607;0.519789;0.999986;1.429638;0.776421;1.016944;1.847723;0.999986;1.530173;0.831028;1.016944;1.978875;
1.004419;1.000000;5.987938;0.909292;1.016945;1.697397;1.016945;-0.009621;0.519789;0.999986;1.429653;0.776410;1.016945;1.847669;0.999986;1.530188;0.831017;1.016945;1.978696;
1.004435;1.000000;5.987900;0.909358;1.016948;1.697397;1.016948;-0.009649;0.519789;0.999986;1.429681;0.776389;1.016948;1.847561;0.999986;1.530217;0.830995;1.016948;1.978339;
1.004467;1.000000;5.987825;0.909489;1.016952;1.697397;1.016952;-0.009706;0.519789;0.999986;1.429738;0.776345;1.016952;1.847344;0.999986;1.530276;0.830952;1.016952;1.977621;
1.004531;1.000000;5.987677;0.909750;1.016961;1.697397;1.016961;-0.009818;0.519789;0.999985;1.429851;0.776259;1.016961;1.846906;0.999985;1.530392;0.830865;1.016961;1.976171;
1.004659;0.999999;5.987386;0.910266;1.016978;1.697396;1.016978;-0.010039;0.519789;0.999985;1.430074;0.776088;1.016978;1.846014;0.999985;1.530622;0.830694;1.016978;1.973221;
1.004915;0.999999;5.986825;0.911274;1.017013;1.697395;1.017013;-0.010473;0.519789;0.999984;1.430507;0.775756;1.017013;1.844163;0.999984;1.531068;0.830360;1.017013;1.967115;
1.005427;0.999999;5.985779;0.913199;1.017078;1.697391;1.017078;-0.011305;0.519789;0.999981;1.431322;0.775124;1.017078;1.840206;0.999981;1.531909;0.829724;1.017078;1.954117;
1.006451;0.999997;5.983973;0.916712;1.017200;1.697383;1.017200;-0.012835;0.519789;0.999976;1.432767;0.773981;1.017200;1.831344;0.999976;1.533402;0.828574;1.017200;1.925209;
1.006592;0.999997;5.983750;0.917166;1.017216;1.697381;1.017216;-0.013033;0.519789;0.999976;1.432949;0.773834;1.017216;1.830039;0.999976;1.533591;0.828426;1.017216;1.920972;
1.006593;0.999997;5.983748;0.917169;1.017216;1.697381;1.017216;-0.013035;0.519789;0.999976;1.432950;0.773833;1.017216;1.830029;0.999976;1.533592;0.828425;1.017216;1.920941;
1.006594;0.999997;5.983747;0.917173;1.017216;1.697381;1.017216;-0.013036;0.519789;0.999976;1.432951;0.773832;1.017216;1.830020;0.999976;1.533593;0.828424;1.017216;1.920911;
1.006596;0.999997;5.983744;0.917179;1.017217;1.697381;1.017217;-0.013039;0.519789;0.999976;1.432954;0.773830;1.017217;1.830001;0.999976;1.533596;0.828422;1.017217;1.920849;
1.006600;0.999997;5.983738;0.917191;1.017217;1.697381;1.017217;-0.013044;0.519789;0.999976;1.432959;0.773826;1.017217;1.829963;0.999976;1.533601;0.828418;1.017217;1.920727;
1.006608;0.999997;5.983726;0.917217;1.017218;1.697381;1.017218;-0.013055;0.519789;0.999976;1.432969;0.773818;1.017218;1.829888;0.999976;1.533612;0.828409;1.017218;1.920482;
1.006624;0.999997;5.983701;0.917267;1.017220;1.697381;1.017220;-0.013077;0.519789;0.999976;1.432989;0.773802;1.017220;1.829736;0.999975;1.533632;0.828393;1.017220;1.919991;
1.006656;0.999997;5.983653;0.917367;1.017223;1.697381;1.017223;-0.013121;0.519789;0.999975;1.433029;0.773769;1.017223;1.829432;0.999975;1.533674;0.828361;1.017223;1.919012;
1.006720;0.999997;5.983557;0.917566;1.017230;1.697380;1.017230;-0.013209;0.519789;0.999975;1.433108;0.773705;1.017230;1.828821;0.999975;1.533756;0.828296;1.017230;1.917053;
1.006848;0.999997;5.983370;0.917960;1.017244;1.697378;1.017244;-0.013382;0.519789;0.999975;1.433264;0.773578;1.017244;1.827586;0.999974;1.533917;0.828168;1.017244;1.913143;
1.007104;0.999996;5.983011;0.918730;1.017272;1.697375;1.017272;-0.013721;0.519789;0.999973;1.433564;0.773331;1.017272;1.825062;0.999973;1.534229;0.827919;1.017272;1.905346;
1.007616;0.999996;5.982353;0.920199;1.017324;1.697369;1.017324;-0.014370;0.519789;0.999971;1.434128;0.772863;1.017324;1.819811;0.999971;1.534814;0.827446;1.017324;1.889851;
1.008640;0.999995;5.981257;0.922879;1.017422;1.697351;1.017422;-0.015559;0.519789;0.999966;1.435110;0.772018;1.017422;1.808565;0.999966;1.535837;0.826591;1.017422;1.859247;
1.009664;0.999993;5.980432;0.925241;1.017511;1.697329;1.017512;-0.016613;0.519789;0.999961;1.435915;0.771287;1.017511;1.796405;0.999961;1.536679;0.825848;1.017511;1.829154;
1.011712;0.999991;5.979448;0.929188;1.017665;1.697263;1.017665;-0.018380;0.519789;0.999951;1.437091;0.770100;1.017665;1.769918;0.999951;1.537919;0.824631;1.017665;1.770469;
1.013760;0.999988;5.979227;0.932246;1.017793;1.697166;1.017795;-0.019744;0.519789;0.999941;1.437766;0.769228;1.017793;1.741075;0.999940;1.538646;0.823719;1.017793;1.713747;
1.017856;0.999984;5.980327;0.936591;1.017990;1.696842;1.017990;-0.021603;0.519789;0.999920;1.438097;0.768101;1.017990;1.679840;0.999920;1.539046;0.822478;1.017990;1.605905;
1.021542;0.999979;5.982669;0.938958;1.018115;1.696382;1.018115;-0.022482;0.519789;0.999902;1.437494;0.767616;1.018115;1.622853;0.999901;1.538470;0.821849;1.018115;1.515003;
1.025229;0.999975;5.985809;0.940440;1.018206;1.695735;1.018206;-0.022851;0.519789;0.999884;1.436349;0.767423;1.018206;1.566805;0.999883;1.537318;0.821470;1.018206;1.429594;
1.028915;0.999970;5.989433;0.941407;1.018273;1.694880;1.018273;-0.022883;0.519789;0.999866;1.434863;0.767387;1.018273;1.513633;0.999865;1.535797;0.821204;1.018273;1.349355;
1.032602;0.999965;5.993335;0.942102;1.018321;1.693803;1.018321;-0.022699;0.519789;0.999848;1.433169;0.767421;1.018321;1.464665;0.999847;1.534038;0.820961;1.018321;1.273970;
1.036288;0.999961;5.997385;0.942677;1.018356;1.692497;1.018356;-0.022387;0.519789;0.999831;1.431352;0.767471;1.018356;1.420731;0.999829;1.532129;0.820685;1.018356;1.203141;
1.039974;0.999956;6.001499;0.943224;1.018380;1.690961;1.018380;-0.022005;0.519789;0.999814;1.429465;0.767503;1.018380;1.382264;0.999812;1.530122;0.820343;1.018380;1.136581;
1.043661;0.999951;6.005627;0.943799;1.018394;1.689197;1.018396;-0.021596;0.519788;0.999797;1.427540;0.767500;1.018394;1.349383;0.999795;1.528052;0.819915;1.018394;1.074005;
1.047347;0.999946;6.009740;0.944430;1.018400;1.687213;1.018402;-0.021188;0.519788;0.999780;1.425597;0.767454;1.018400;1.321997;0.999779;1.525937;0.819390;1.018400;1.015173;
1.051034;0.999941;6.013820;0.945133;1.018398;1.685019;1.018399;-0.020796;0.519788;0.999764;1.423648;0.767361;1.018398;1.299870;0.999763;1.523789;0.818763;1.018398;0.959849;
1.053103;0.999938;6.016091;0.945561;1.018394;1.683705;1.018395;-0.020591;0.519788;0.999755;1.422556;0.767289;1.018394;1.289474;0.999754;1.522574;0.818365;1.018394;0.930162;
1.053103;0.999938;6.016091;0.945561;1.018394;1.683705;1.018394;-0.020591;0.519788;0.999755;1.422556;0.767289;1.018394;1.289474;0.999754;1.522574;0.818365;1.018394;0.930162;
1.053104;0.999938;6.016092;0.945562;1.018394;1.683704;1.018394;-0.020591;0.519788;0.999755;1.422555;0.767289;1.018394;1.289470;0.999754;1.522573;0.818365;1.018394;0.930148;
1.053105;0.999938;6.016093;0.945562;1.018394;1.683703;1.018394;-0.020591;0.519788;0.999755;1.422555;0.767289;1.018394;1.289465;0.999754;1.522573;0.818365;1.018394;0.930134;
1.053107;0.999938;6.016095;0.945562;1.018394;1.683702;1.018394;-0.020591;0.519788;0.999755;1.422553;0.767288;1.018394;1.289456;0.999754;1.522572;0.818365;1.018394;0.930106;
1.053111;0.999938;6.016100;0.945563;1.018394;1.683699;1.018394;-0.020590;0.519788;0.999755;1.422551;0.767288;1.018394;1.289438;0.999754;1.522569;0.818364;1.018394;0.930050;
1.053119;0.999938;6.016108;0.945565;1.018394;1.683694;1.018394;-0.020589;0.519788;0.999755;1.422547;0.767288;1.018394;1.289401;0.999753;1.522564;0.818362;1.018394;0.929938;
1.053135;0.999938;6.016126;0.945568;1.018394;1.683684;1.018394;-0.020588;0.519788;0.999755;1.422539;0.767287;1.018394;1.289329;0.999753;1.522555;0.818359;1.018394;0.929714;
1.053167;0.999938;6.016161;0.945575;1.018394;1.683663;1.018394;-0.020585;0.519788;0.999755;1.422522;0.767286;1.018394;1.289184;0.999753;1.522536;0.818353;1.018394;0.929267;
1.053231;0.999938;6.016231;0.945589;1.018394;1.683621;1.018394;-0.020578;0.519788;0.999755;1.422488;0.767284;1.018394;1.288895;0.999753;1.522498;0.818340;1.018394;0.928377;
1.053359;0.999938;6.016371;0.945616;1.018393;1.683537;1.018393;-0.020566;0.519788;0.999754;1.422420;0.767279;1.018393;1.288321;0.999752;1.522423;0.818314;1.018393;0.926613;
1.053615;0.999938;6.016651;0.945671;1.018393;1.683368;1.018393;-0.020541;0.519788;0.999753;1.422285;0.767268;1.018393;1.287192;0.999751;1.522271;0.818262;1.018393;0.923149;
1.054127;0.999937;6.017211;0.945782;1.018391;1.683028;1.018391;-0.020491;0.519788;0.999751;1.422014;0.767247;1.018391;1.285000;0.999749;1.521968;0.818157;1.018391;0.916478;
1.055151;0.999935;6.018326;0.946009;1.018388;1.682337;1.018388;-0.020394;0.519788;0.999746;1.421473;0.767202;1.018388;1.280883;0.999745;1.521362;0.817940;1.018388;0.904134;
1.057199;0.999933;6.020546;0.946482;1.018379;1.680914;1.018379;-0.020209;0.519788;0.999738;1.420392;0.767101;1.018379;1.273671;0.999736;1.520144;0.817484;1.018379;0.883270;
1.059247;0.999930;6.022748;0.946978;1.018369;1.679437;1.018369;-0.020037;0.519788;0.999729;1.419314;0.766986;1.018369;1.267770;0.999728;1.518922;0.816996;1.018369;0.867277;
1.063343;0.999924;6.027102;0.948036;1.018342;1.676335;1.018342;-0.019731;0.519787;0.999713;1.417167;0.766718;1.018342;1.259497;0.999711;1.516466;0.815938;1.018342;0.848253;
1.067439;0.999918;6.031388;0.949172;1.018308;1.673052;1.018308;-0.019475;0.519787;0.999696;1.415032;0.766403;1.018308;1.255534;0.999695;1.513999;0.814775;1.018308;0.844883;
1.071535;0.999912;6.035604;0.950373;1.018267;1.669608;1.018267;-0.019267;0.519787;0.999680;1.412909;0.766045;1.018267;1.255325;0.999679;1.511524;0.813520;1.018267;0.854931;
1.075631;0.999906;6.039749;0.951629;1.018219;1.666023;1.018220;-0.019105;0.519786;0.999664;1.410799;0.765648;1.018219;1.258340;0.999664;1.509048;0.812186;1.018219;0.876276;
1.079727;0.999900;6.043824;0.952926;1.018166;1.662316;1.018166;-0.018984;0.519786;0.999649;1.408703;0.765216;1.018166;1.264088;0.999649;1.506573;0.810786;1.018166;0.906975;
1.083823;0.999894;6.047828;0.954253;1.018107;1.658508;1.018107;-0.018900;0.519785;0.999634;1.406621;0.764753;1.018107;1.272124;0.999634;1.504107;0.809333;1.018107;0.945283;
1.087919;0.999887;6.051759;0.955598;1.018043;1.654614;1.018044;-0.018850;0.519785;0.999620;1.404553;0.764263;1.018043;1.282054;0.999620;1.501653;0.807840;1.018043;0.989657;
1.092015;0.999881;6.055618;0.956951;1.017975;1.650650;1.017976;-0.018829;0.519784;0.999606;1.402499;0.763749;1.017975;1.293529;0.999607;1.499217;0.806321;1.017975;1.038744;
1.096111;0.999875;6.059404;0.958302;1.017904;1.646633;1.017904;-0.018832;0.519784;0.999592;1.400461;0.763214;1.017904;1.306249;0.999594;1.496803;0.804787;1.017904;1.091373;
1.100207;0.999868;6.063116;0.959641;1.017829;1.642574;1.017829;-0.018858;0.519783;0.999579;1.398440;0.762661;1.017829;1.319952;0.999581;1.494415;0.803249;1.017829;1.146537;
1.104303;0.999862;6.066754;0.960961;1.017751;1.638486;1.017751;-0.018901;0.519783;0.999566;1.396434;0.762093;1.017751;1.334419;0.999569;1.492059;0.801718;1.017751;1.203376;
1.112495;0.999848;6.073805;0.963504;1.017589;1.630276;1.017589;-0.019027;0.519781;0.999541;1.392478;0.760921;1.017589;1.364745;0.999545;1.487462;0.798726;1.017589;1.318596;
1.120687;0.999835;6.080553;0.965889;1.017421;1.622063;1.017422;-0.019192;0.519780;0.999517;1.388598;0.759715;1.017421;1.396288;0.999524;1.483036;0.795868;1.017421;1.433381;
1.128879;0.999821;6.086996;0.968077;1.017250;1.613900;1.017251;-0.019380;0.519778;0.999495;1.384801;0.758488;1.017250;1.428289;0.999504;1.478803;0.793195;1.017250;1.544789;
1.137071;0.999807;6.093132;0.970040;1.017078;1.605832;1.017079;-0.019580;0.519776;0.999474;1.381093;0.757254;1.017078;1.460202;0.999485;1.474782;0.790750;1.017078;1.650724;
1.145263;0.999793;6.098959;0.971752;1.016908;1.597892;1.016909;-0.019781;0.519774;0.999454;1.377481;0.756025;1.016908;1.491662;0.999468;1.470987;0.788565;1.016908;1.749818;
1.153455;0.999778;6.104477;0.973200;1.016741;1.590108;1.016741;-0.019975;0.519772;0.999436;1.373971;0.754811;1.016741;1.522434;0.999452;1.467430;0.786662;1.016741;1.841275;
1.169839;0.999748;6.114593;0.975263;1.016423;1.575092;1.016423;-0.020320;0.519766;0.999403;1.367291;0.752482;1.016423;1.581352;0.999423;1.461046;0.783753;1.016423;2.000210;
1.186223;0.999718;6.123486;0.976217;1.016130;1.560867;1.016132;-0.020594;0.519761;0.999374;1.361095;0.750325;1.016130;1.636584;0.999399;1.455632;0.782032;1.016130;2.128151;
1.202607;0.999687;6.131174;0.976089;1.015865;1.547486;1.015868;-0.020784;0.519754;0.999350;1.355424;0.748394;1.015865;1.687966;0.999378;1.451158;0.781448;1.015865;2.227292;
1.218991;0.999655;6.137679;0.974936;1.015629;1.534985;1.015631;-0.020884;0.519747;0.999329;1.350317;0.746734;1.015629;1.735438;0.999360;1.447573;0.781908;1.015629;2.300777;
1.235375;0.999623;6.143026;0.972833;1.015420;1.523381;1.015422;-0.020893;0.519739;0.999312;1.345804;0.745382;1.015420;1.778956;0.999344;1.444807;0.783285;1.015420;2.352126;
1.251759;0.999591;6.147245;0.969871;1.015237;1.512684;1.015238;-0.020813;0.519730;0.999298;1.341907;0.744362;1.015237;1.818457;0.999330;1.442782;0.785437;1.015237;2.384852;
1.268143;0.999558;6.150371;0.966144;1.015075;1.502901;1.015076;-0.020647;0.519721;0.999286;1.338643;0.743691;1.015075;1.853862;0.999317;1.441416;0.788219;1.015075;2.402232;
1.284527;0.999525;6.152446;0.961747;1.014930;1.494032;1.014931;-0.020401;0.519711;0.999276;1.336017;0.743374;1.014930;1.885088;0.999304;1.440625;0.791490;1.014930;2.407210;
1.300911;0.999492;6.153513;0.956774;1.014798;1.486080;1.014799;-0.020080;0.519700;0.999268;1.334026;0.743409;1.014798;1.912075;0.999292;1.440330;0.795119;1.014798;2.402358;
1.317295;0.999459;6.153625;0.951315;1.014676;1.479046;1.014677;-0.019691;0.519689;0.999261;1.332659;0.743785;1.014676;1.934801;0.999279;1.440455;0.798987;1.014676;2.389888;
1.333679;0.999426;6.152837;0.945456;1.014560;1.472927;1.014561;-0.019240;0.519677;0.999254;1.331895;0.744484;1.014560;1.953294;0.999267;1.440932;0.802993;1.014560;2.371681;
1.350063;0.999393;6.151210;0.939275;1.014447;1.467723;1.014448;-0.018735;0.519665;0.999248;1.331707;0.745482;1.014447;1.967643;0.999254;1.441695;0.807047;1.014447;2.349326;
1.366447;0.999360;6.148812;0.932848;1.014333;1.463431;1.014334;-0.018183;0.519651;0.999242;1.332060;0.746750;1.014333;1.977997;0.999240;1.442689;0.811077;1.014333;2.324156;
1.399215;0.999295;6.142090;0.919594;1.014095;1.457540;1.014095;-0.016973;0.519624;0.999227;1.334146;0.749916;1.014095;1.988010;0.999209;1.445115;0.818794;1.014095;2.270682;
1.431983;0.999231;6.133218;0.906096;1.013834;1.455173;1.013834;-0.015660;0.519594;0.999207;1.337792;0.753728;1.013834;1.985470;0.999175;1.447929;0.825890;1.013834;2.216757;
1.437847;0.999220;6.131467;0.903694;1.013785;1.455107;1.013785;-0.015419;0.519588;0.999203;1.338564;0.754449;1.013785;1.983976;0.999168;1.448447;0.827078;1.013785;2.207519;
1.448185;0.999200;6.128260;0.899469;1.013695;1.455254;1.013695;-0.014990;0.519578;0.999196;1.340014;0.755750;1.013695;1.980573;0.999156;1.449373;0.829110;1.013695;2.191533;
1.464751;0.999168;6.122800;0.892726;1.013545;1.456194;1.013545;-0.014292;0.519562;0.999182;1.342574;0.757913;1.013545;1.973075;0.999135;1.450886;0.832204;1.013545;2.166725;
1.497519;0.999107;6.111460;0.879790;1.013225;1.460411;1.013225;-0.012917;0.519529;0.999149;1.348046;0.762211;1.013225;1.953818;0.999092;1.453795;0.837667;1.013225;2.123563;
1.530287;0.999047;6.099799;0.867531;1.012878;1.467574;1.012878;-0.011575;0.519495;0.999107;1.353768;0.766394;1.012878;1.930750;0.999044;1.456514;0.842292;1.012878;2.089027;
1.563055;0.998989;6.088377;0.856123;1.012507;1.477375;1.012507;-0.010301;0.519460;0.999058;1.359331;0.770279;1.012507;1.906764;0.998992;1.458945;0.846144;1.012507;2.063878;
1.595823;0.998933;6.077684;0.845678;1.012123;1.489459;1.012123;-0.009122;0.519424;0.999000;1.364384;0.773735;1.012123;1.884422;0.998937;1.461023;0.849320;1.012123;2.048114;
1.628591;0.998878;6.068132;0.836256;1.011733;1.503432;1.011733;-0.008059;0.519388;0.998936;1.368644;0.776684;1.011733;1.865823;0.998879;1.462713;0.851937;1.011733;2.041181;
1.661359;0.998824;6.060033;0.827864;1.011349;1.518872;1.011349;-0.007125;0.519351;0.998866;1.371907;0.779102;1.011349;1.852527;0.998818;1.463998;0.854114;1.011349;2.042161;
1.694127;0.998771;6.053603;0.820469;1.010982;1.535348;1.010982;-0.006328;0.519315;0.998791;1.374056;0.781006;1.010982;1.845520;0.998756;1.464878;0.855968;1.010982;2.049927;
1.726895;0.998719;6.048957;0.814006;1.010640;1.552430;1.010640;-0.005669;0.519278;0.998715;1.375054;0.782453;1.010640;1.845219;0.998692;1.465363;0.857605;1.010640;2.063267;
1.759663;0.998667;6.046113;0.808380;1.010332;1.569707;1.010332;-0.005144;0.519242;0.998637;1.374940;0.783526;1.010332;1.851518;0.998628;1.465476;0.859120;1.010332;2.080965;
1.792431;0.998615;6.045001;0.803478;1.010066;1.586794;1.010064;-0.004742;0.519206;0.998560;1.373821;0.784325;1.010066;1.863868;0.998563;1.465244;0.860594;1.010066;2.101870;
1.825199;0.998564;6.045476;0.799178;1.009846;1.603350;1.009843;-0.004453;0.519170;0.998484;1.371854;0.784955;1.009846;1.881342;0.998499;1.464704;0.862094;1.009846;2.124891;
1.857967;0.998512;6.047333;0.795351;1.009676;1.619083;1.009673;-0.004259;0.519135;0.998412;1.369232;0.785524;1.009676;1.902753;0.998436;1.463898;0.863676;1.009676;2.149032;
1.890735;0.998459;6.050323;0.791873;1.009558;1.633753;1.009554;-0.004144;0.519100;0.998343;1.366171;0.786130;1.009558;1.926763;0.998373;1.462878;0.865384;1.009558;2.173387;
1.923503;0.998406;6.054167;0.788625;1.009491;1.647182;1.009487;-0.004088;0.519066;0.998279;1.362890;0.786854;1.009491;1.951982;0.998312;1.461696;0.867248;1.009491;2.197139;
1.956271;0.998353;6.058576;0.785502;1.009473;1.659249;1.009470;-0.004075;0.519032;0.998219;1.359603;0.787763;1.009473;1.977056;0.998253;1.460413;0.869290;1.009473;2.219555;
1.989039;0.998298;6.063265;0.782417;1.009502;1.669893;1.009499;-0.004085;0.518999;0.998164;1.356504;0.788900;1.009502;2.000755;0.998195;1.459089;0.871521;1.009502;2.239988;
2.021807;0.998243;6.067968;0.779301;1.009573;1.679107;1.009570;-0.004104;0.518967;0.998113;1.353757;0.790290;1.009573;2.022025;0.998139;1.457784;0.873942;1.009573;2.257892;
2.054575;0.998187;6.072448;0.776104;1.009679;1.686933;1.009678;-0.004116;0.518935;0.998065;1.351491;0.791936;1.009679;2.040040;0.998085;1.456557;0.876546;1.009679;2.272826;
2.120111;0.998072;6.079854;0.769380;1.009969;1.698971;1.009969;-0.004071;0.518874;0.997976;1.348732;0.795875;1.009969;2.064192;0.997980;1.454584;0.882184;1.009969;2.292589;
2.185647;0.997956;6.084773;0.762298;1.010327;1.706967;1.010326;-0.003911;0.518814;0.997891;1.348297;0.800452;1.010327;2.072786;0.997880;1.453408;0.888221;1.010327;2.299059;
2.251183;0.997838;6.086993;0.755056;1.010710;1.712084;1.010710;-0.003623;0.518757;0.997805;1.349883;0.805324;1.010710;2.067811;0.997782;1.453150;0.894379;1.010710;2.293573;
2.316719;0.997720;6.086823;0.747961;1.011085;1.715488;1.011085;-0.003225;0.518703;0.997712;1.352881;0.810136;1.011085;2.053216;0.997683;1.453785;0.900364;1.011085;2.278970;
2.382255;0.997601;6.084974;0.741340;1.011427;1.718183;1.011427;-0.002755;0.518652;0.997611;1.356532;0.814599;1.011427;2.033948;0.997582;1.455149;0.905907;1.011427;2.259123;
2.447791;0.997483;6.082359;0.735470;1.011727;1.720901;1.011727;-0.002263;0.518605;0.997499;1.360088;0.818528;1.011727;2.014871;0.997475;1.456982;0.910814;1.011727;2.238251;
2.513327;0.997365;6.079894;0.730527;1.011986;1.724048;1.011986;-0.001796;0.518561;0.997379;1.362958;0.821861;1.011986;1.999860;0.997364;1.458974;0.914991;1.011986;2.220192;
2.578863;0.997247;6.078329;0.726552;1.012215;1.727723;1.012215;-0.001393;0.518520;0.997252;1.364789;0.824648;1.012215;1.991235;0.997247;1.460832;0.918452;1.012215;2.207793;
2.644399;0.997129;6.078131;0.723462;1.012431;1.731775;1.012431;-0.001076;0.518484;0.997121;1.365493;0.827016;1.012431;1.989592;0.997125;1.462320;0.921309;1.012431;2.202524;
2.709935;0.997010;6.079453;0.721075;1.012649;1.735897;1.012649;-0.000851;0.518452;0.996989;1.365212;0.829133;1.012649;1.994008;0.997000;1.463300;0.923743;1.012649;2.204384;
2.775471;0.996891;6.082155;0.719154;1.012884;1.739725;1.012884;-0.000708;0.518424;0.996859;1.364251;0.831165;1.012884;2.002495;0.996873;1.463736;0.925964;1.012884;2.212073;
2.841007;0.996770;6.085879;0.717454;1.013145;1.742926;1.013145;-0.000625;0.518401;0.996732;1.362984;0.833245;1.013145;2.012590;0.996744;1.463694;0.928172;1.013145;2.223392;
2.906543;0.996648;6.090150;0.715766;1.013434;1.745264;1.013434;-0.000576;0.518382;0.996608;1.361775;0.835451;1.013434;2.021922;0.996617;1.463309;0.930525;1.013434;2.235748;
2.972079;0.996524;6.094480;0.713944;1.013748;1.746636;1.013748;-0.000535;0.518368;0.996487;1.360906;0.837806;1.013748;2.028654;0.996490;1.462758;0.933112;1.013748;2.246680;
3.035558;0.996403;6.098334;0.711985;1.014069;1.747075;1.014069;-0.000482;0.518358;0.996371;1.360544;0.840203;1.014069;2.031702;0.996369;1.462233;0.935857;1.014069;2.254092;
3.037615;0.996399;6.098453;0.711918;1.014079;1.747075;1.014079;-0.000480;0.518357;0.996368;1.360540;0.840283;1.014079;2.031743;0.996365;1.462216;0.935950;1.014079;2.254280;
3.046201;0.996383;6.098926;0.711638;1.014123;1.747074;1.014123;-0.000470;0.518356;0.996352;1.360532;0.840612;1.014123;2.031864;0.996349;1.462157;0.936337;1.014123;2.254948;
3.103151;0.996272;6.101785;0.709693;1.014416;1.746729;1.014416;-0.000396;0.518351;0.996249;1.360713;0.842820;1.014416;2.030995;0.996241;1.461832;0.938989;1.014416;2.257463;
3.168687;0.996145;6.104349;0.707330;1.014748;1.745822;1.014748;-0.000279;0.518349;0.996128;1.361352;0.845340;1.014748;2.026952;0.996118;1.461701;0.942131;1.014748;2.256052;
3.299759;0.995887;6.107591;0.702688;1.015352;1.743560;1.015352;0.000031;0.518357;0.995881;1.363199;0.850012;1.015352;2.014722;0.995871;1.462212;0.948119;1.015352;2.244233;
3.414178;0.995660;6.109061;0.699019;1.015806;1.741705;1.015806;0.000345;0.518378;0.995658;1.364882;0.853598;1.015806;2.003337;0.995651;1.463263;0.952722;1.015806;2.229077;
3.528597;0.995432;6.110214;0.695974;1.016189;1.740515;1.016189;0.000647;0.518412;0.995428;1.366067;0.856696;1.016189;1.995168;0.995427;1.464482;0.956495;1.016189;2.215627;
3.643016;0.995203;6.111693;0.693574;1.016519;1.740036;1.016519;0.000904;0.518459;0.995195;1.366606;0.859402;1.016519;1.991245;0.995197;1.465520;0.959480;1.016519;2.207353;
3.673194;0.995142;6.112173;0.693023;1.016600;1.739984;1.016600;0.000963;0.518473;0.995133;1.366668;0.860072;1.016600;1.990731;0.995136;1.465733;0.960173;1.016600;2.206097;
3.686405;0.995115;6.112395;0.692792;1.016635;1.739971;1.016635;0.000988;0.518480;0.995106;1.366684;0.860360;1.016635;1.990574;0.995110;1.465818;0.960464;1.016635;2.205668;
3.757435;0.994972;6.113712;0.691667;1.016815;1.740003;1.016815;0.001107;0.518518;0.994961;1.366664;0.861849;1.016815;1.990444;0.994965;1.466190;0.961899;1.016815;2.204633;
3.786040;0.994914;6.114302;0.691258;1.016885;1.740047;1.016885;0.001150;0.518535;0.994902;1.366617;0.862426;1.016885;1.990640;0.994906;1.466294;0.962428;1.016885;2.204774;
3.843249;0.994797;6.115548;0.690471;1.017023;1.740112;1.017023;0.001226;0.518572;0.994785;1.366523;0.863565;1.017023;1.991005;0.994788;1.466427;0.963461;1.017023;2.205582;
3.901523;0.994679;6.116814;0.689687;1.017162;1.740111;1.017162;0.001299;0.518612;0.994667;1.366472;0.864701;1.017162;1.991034;0.994669;1.466505;0.964501;1.017162;2.206462;
3.913735;0.994654;6.117078;0.689525;1.017191;1.740103;1.017191;0.001313;0.518621;0.994642;1.366467;0.864935;1.017191;1.990996;0.994644;1.466514;0.964717;1.017191;2.206654;
3.957668;0.994564;6.118028;0.688949;1.017295;1.740047;1.017295;0.001364;0.518654;0.994553;1.366465;0.865771;1.017295;1.990734;0.994554;1.466525;0.965492;1.017295;2.207364;
4.072087;0.994328;6.119990;0.687495;1.017546;1.739587;1.017546;0.001495;0.518756;0.994320;1.366776;0.867769;1.017546;1.987782;0.994319;1.466585;0.967463;1.017546;2.206418;
4.186506;0.994092;6.121420;0.686156;1.017773;1.739038;1.017773;0.001632;0.518870;0.994086;1.367247;0.869559;1.017773;1.983718;0.994085;1.466789;0.969280;1.017773;2.202993;
4.300925;0.993854;6.122447;0.685003;1.017973;1.738546;1.017973;0.001770;0.518997;0.993851;1.367754;0.871132;1.017973;1.979421;0.993850;1.467107;0.970858;1.017973;2.198260;
4.529762;0.993379;6.123699;0.683632;1.018273;1.738114;1.018273;0.002008;0.519300;0.993378;1.368573;0.873464;1.018273;1.972362;0.993378;1.467826;0.972908;1.018273;2.189323;
4.758600;0.992904;6.124495;0.683086;1.018499;1.738100;1.018499;0.002197;0.519650;0.992904;1.369229;0.875123;1.018499;1.966639;0.992904;1.468473;0.974060;1.018499;2.182060;
4.771793;0.992877;6.124519;0.683096;1.018509;1.738113;1.018509;0.002206;0.519673;0.992877;1.369262;0.875186;1.018509;1.966355;0.992877;1.468505;0.974085;1.018509;2.181712;
4.788338;0.992843;6.124550;0.683107;1.018521;1.738129;1.018521;0.002216;0.519702;0.992843;1.369303;0.875264;1.018521;1.965998;0.992843;1.468546;0.974117;1.018521;2.181276;
4.987438;0.992430;6.124922;0.683245;1.018667;1.738328;1.018667;0.002342;0.520047;0.992431;1.369801;0.876208;1.018667;1.961709;0.992432;1.469032;0.974500;1.018667;2.176026;
5.445114;0.991493;6.124561;0.685657;1.018840;1.739072;1.018840;0.002494;0.521014;0.991497;1.370824;0.876628;1.018840;1.953609;0.991497;1.469975;0.973401;1.018840;2.166158;
5.902789;0.990573;6.123321;0.689562;1.018898;1.739797;1.018898;0.002537;0.522139;0.990578;1.371760;0.875774;1.018898;1.947054;0.990578;1.470818;0.970931;1.018898;2.157920;
6.360465;0.989674;6.121500;0.694409;1.018877;1.740331;1.018877;0.002497;0.523408;0.989680;1.372616;0.874060;1.018877;1.941939;0.989680;1.471585;0.967585;1.018877;2.151224;
6.417674;0.989562;6.121257;0.695041;1.018872;1.740392;1.018872;0.002489;0.523571;0.989568;1.372721;0.873822;1.018872;1.941341;0.989569;1.471679;0.967143;1.018872;2.150431;
6.446279;0.989506;6.121137;0.695355;1.018870;1.740423;1.018870;0.002486;0.523652;0.989512;1.372774;0.873705;1.018870;1.941039;0.989513;1.471726;0.966923;1.018870;2.150033;
6.503488;0.989394;6.120891;0.695990;1.018865;1.740482;1.018865;0.002478;0.523815;0.989401;1.372878;0.873464;1.018865;1.940450;0.989401;1.471819;0.966478;1.018865;2.149251;
6.617907;0.989172;6.120382;0.697289;1.018852;1.740588;1.018852;0.002460;0.524148;0.989179;1.373083;0.872953;1.018852;1.939330;0.989179;1.472002;0.965560;1.018852;2.147750;
6.675117;0.989062;6.120117;0.697953;1.018844;1.740636;1.018844;0.002449;0.524317;0.989068;1.373185;0.872683;1.018844;1.938800;0.989069;1.472092;0.965087;1.018844;2.147033;
6.703722;0.989006;6.119983;0.698288;1.018839;1.740658;1.018839;0.002443;0.524403;0.989013;1.373235;0.872544;1.018839;1.938543;0.989014;1.472137;0.964847;1.018839;2.146683;
6.760931;0.988896;6.119710;0.698965;1.018830;1.740698;1.018830;0.002431;0.524575;0.988903;1.373334;0.872261;1.018830;1.938044;0.988904;1.472226;0.964362;1.018830;2.146000;
6.789536;0.988842;6.119571;0.699307;1.018825;1.740717;1.018825;0.002424;0.524662;0.988848;1.373383;0.872116;1.018825;1.937803;0.988849;1.472270;0.964116;1.018825;2.145667;
6.846745;0.988732;6.119290;0.699994;1.018815;1.740750;1.018815;0.002410;0.524838;0.988739;1.373481;0.871821;1.018815;1.937334;0.988740;1.472357;0.963620;1.018815;2.145018;
6.875350;0.988678;6.119148;0.700340;1.018809;1.740765;1.018809;0.002403;0.524926;0.988684;1.373530;0.871670;1.018809;1.937108;0.988685;1.472400;0.963369;1.018809;2.144702;
6.932559;0.988569;6.118859;0.701037;1.018798;1.740791;1.018798;0.002388;0.525105;0.988576;1.373626;0.871364;1.018798;1.936669;0.988576;1.472485;0.962864;1.018798;2.144086;
6.961164;0.988515;6.118714;0.701387;1.018792;1.740802;1.018792;0.002380;0.525195;0.988521;1.373674;0.871209;1.018792;1.936457;0.988522;1.472528;0.962609;1.018792;2.143787;
7.018373;0.988406;6.118419;0.702089;1.018780;1.740820;1.018780;0.002363;0.525376;0.988413;1.373769;0.870895;1.018780;1.936046;0.988414;1.472612;0.962096;1.018780;2.143203;
7.046978;0.988352;6.118270;0.702442;1.018773;1.740827;1.018773;0.002355;0.525468;0.988359;1.373816;0.870735;1.018773;1.935848;0.988360;1.472654;0.961838;1.018773;2.142919;
7.104188;0.988245;6.117970;0.703149;1.018760;1.740837;1.018760;0.002337;0.525652;0.988252;1.373910;0.870413;1.018760;1.935466;0.988252;1.472737;0.961320;1.018760;2.142367;
7.132792;0.988191;6.117819;0.703504;1.018753;1.740839;1.018753;0.002328;0.525745;0.988198;1.373956;0.870250;1.018753;1.935281;0.988199;1.472778;0.961060;1.018753;2.142098;
7.147095;0.988165;6.117743;0.703681;1.018750;1.740840;1.018750;0.002324;0.525791;0.988171;1.373980;0.870168;1.018750;1.935191;0.988172;1.472799;0.960929;1.018750;2.141966;
7.175699;0.988111;6.117590;0.704036;1.018743;1.740841;1.018743;0.002314;0.525885;0.988118;1.374026;0.870004;1.018743;1.935013;0.988119;1.472840;0.960668;1.018743;2.141705;
7.181397;0.988100;6.117560;0.704107;1.018741;1.740841;1.018741;0.002312;0.525904;0.988107;1.374035;0.869971;1.018741;1.934978;0.988108;1.472848;0.960616;1.018741;2.141654;
7.191254;0.988082;6.117507;0.704229;1.018739;1.740841;1.018739;0.002309;0.525936;0.988089;1.374051;0.869914;1.018739;1.934918;0.988090;1.472862;0.960526;1.018739;2.141566;
7.232909;0.988005;6.117283;0.704747;1.018728;1.740839;1.018728;0.002295;0.526073;0.988012;1.374118;0.869673;1.018728;1.934671;0.988012;1.472921;0.960144;1.018728;2.141199;
7.261514;0.987951;6.117128;0.705102;1.018721;1.740836;1.018721;0.002285;0.526168;0.987958;1.374163;0.869506;1.018721;1.934507;0.987959;1.472961;0.959881;1.018721;2.140953;
7.275816;0.987925;6.117051;0.705279;1.018717;1.740834;1.018717;0.002280;0.526216;0.987932;1.374186;0.869422;1.018717;1.934426;0.987933;1.472981;0.959749;1.018717;2.140831;
7.304421;0.987872;6.116895;0.705634;1.018709;1.740829;1.018709;0.002270;0.526311;0.987879;1.374231;0.869255;1.018709;1.934268;0.987880;1.473021;0.959486;1.018709;2.140593;
7.361630;0.987767;6.116582;0.706344;1.018694;1.740814;1.018694;0.002250;0.526504;0.987773;1.374321;0.868918;1.018694;1.933965;0.987774;1.473101;0.958960;1.018694;2.140130;
7.390235;0.987714;6.116425;0.706698;1.018686;1.740805;1.018686;0.002239;0.526601;0.987721;1.374366;0.868748;1.018686;1.933820;0.987722;1.473140;0.958696;1.018686;2.139906;
7.447444;0.987609;6.116109;0.707404;1.018670;1.740782;1.018670;0.002218;0.526796;0.987616;1.374455;0.868409;1.018670;1.933542;0.987617;1.473219;0.958169;1.018670;2.139472;
7.476049;0.987557;6.115951;0.707756;1.018662;1.740769;1.018662;0.002207;0.526894;0.987564;1.374499;0.868238;1.018662;1.933409;0.987564;1.473258;0.957906;1.018662;2.139262;
7.490351;0.987531;6.115872;0.707932;1.018658;1.740762;1.018658;0.002201;0.526943;0.987538;1.374521;0.868153;1.018658;1.933344;0.987538;1.473277;0.957775;1.018658;2.139158;
7.518956;0.987479;6.115713;0.708283;1.018650;1.740746;1.018650;0.002190;0.527042;0.987486;1.374565;0.867983;1.018650;1.933218;0.987486;1.473316;0.957512;1.018650;2.138955;
7.576166;0.987375;6.115393;0.708982;1.018633;1.740711;1.018633;0.002168;0.527241;0.987382;1.374652;0.867641;1.018633;1.932977;0.987383;1.473393;0.956987;1.018633;2.138563;
7.604770;0.987323;6.115234;0.709330;1.018625;1.740692;1.018625;0.002157;0.527341;0.987330;1.374696;0.867470;1.018625;1.932862;0.987331;1.473431;0.956725;1.018625;2.138373;
7.661980;0.987220;6.114913;0.710021;1.018607;1.740649;1.018607;0.002133;0.527542;0.987227;1.374782;0.867129;1.018607;1.932644;0.987228;1.473507;0.956204;1.018607;2.138008;
7.690584;0.987169;6.114752;0.710365;1.018599;1.740626;1.018599;0.002122;0.527643;0.987176;1.374825;0.866959;1.018599;1.932541;0.987177;1.473545;0.955944;1.018599;2.137831;
7.747794;0.987067;6.114431;0.711049;1.018581;1.740575;1.018581;0.002098;0.527847;0.987074;1.374910;0.866619;1.018581;1.932346;0.987074;1.473620;0.955426;1.018581;2.137492;
7.862213;0.986864;6.113786;0.712396;1.018546;1.740458;1.018546;0.002050;0.528259;0.986871;1.375079;0.865943;1.018546;1.931999;0.986871;1.473768;0.954401;1.018546;2.136863;
7.919422;0.986763;6.113463;0.713058;1.018528;1.740392;1.018528;0.002025;0.528467;0.986770;1.375162;0.865609;1.018528;1.931847;0.986771;1.473841;0.953894;1.018528;2.136574;
7.948027;0.986713;6.113302;0.713387;1.018519;1.740358;1.018519;0.002013;0.528572;0.986720;1.375203;0.865442;1.018519;1.931777;0.986720;1.473878;0.953642;1.018519;2.136435;
7.962329;0.986688;6.113221;0.713550;1.018515;1.740340;1.018515;0.002007;0.528624;0.986695;1.375224;0.865359;1.018515;1.931743;0.986695;1.473896;0.953516;1.018515;2.136367;
7.990934;0.986638;6.113059;0.713876;1.018506;1.740303;1.018506;0.001994;0.528729;0.986645;1.375265;0.865193;1.018506;1.931677;0.986645;1.473932;0.953266;1.018506;2.136234;
8.048144;0.986539;6.112737;0.714520;1.018488;1.740226;1.018488;0.001969;0.528941;0.986545;1.375348;0.864864;1.018488;1.931557;0.986546;1.474004;0.952769;1.018488;2.135980;
8.162562;0.986341;6.112092;0.715779;1.018451;1.740059;1.018451;0.001919;0.529368;0.986348;1.375510;0.864216;1.018451;1.931354;0.986348;1.474147;0.951792;1.018451;2.135518;
8.219772;0.986243;6.111771;0.716394;1.018433;1.739968;1.018433;0.001893;0.529583;0.986250;1.375591;0.863898;1.018433;1.931272;0.986250;1.474218;0.951311;1.018433;2.135309;
8.248377;0.986195;6.111610;0.716698;1.018424;1.739921;1.018424;0.001880;0.529692;0.986201;1.375631;0.863740;1.018424;1.931236;0.986202;1.474253;0.951073;1.018424;2.135210;
8.305586;0.986098;6.111290;0.717297;1.018405;1.739824;1.018405;0.001855;0.529909;0.986104;1.375711;0.863428;1.018405;1.931173;0.986104;1.474323;0.950602;1.018405;2.135023;
8.334191;0.986049;6.111130;0.717592;1.018396;1.739774;1.018396;0.001842;0.530019;0.986055;1.375750;0.863273;1.018396;1.931146;0.986056;1.474358;0.950369;1.018396;2.134935;
8.391400;0.985953;6.110810;0.718174;1.018378;1.739670;1.018378;0.001816;0.530238;0.985959;1.375829;0.862968;1.018378;1.931101;0.985960;1.474428;0.949908;1.018378;2.134768;
8.505819;0.985762;6.110175;0.719303;1.018341;1.739452;1.018341;0.001764;0.530681;0.985768;1.375986;0.862373;1.018341;1.931045;0.985769;1.474565;0.949006;1.018341;2.134477;
8.734657;0.985388;6.108920;0.721408;1.018268;1.738972;1.018268;0.001660;0.531580;0.985393;1.376294;0.861250;1.018268;1.931064;0.985394;1.474836;0.947295;1.018268;2.134045;
8.763262;0.985342;6.108765;0.721657;1.018259;1.738908;1.018259;0.001647;0.531694;0.985347;1.376332;0.861116;1.018259;1.931078;0.985348;1.474869;0.947089;1.018259;2.134005;
8.820471;0.985250;6.108455;0.722144;1.018241;1.738778;1.018241;0.001621;0.531922;0.985255;1.376408;0.860853;1.018241;1.931114;0.985256;1.474936;0.946684;1.018241;2.133935;
8.849076;0.985204;6.108301;0.722383;1.018232;1.738712;1.018232;0.001608;0.532037;0.985209;1.376446;0.860724;1.018232;1.931136;0.985210;1.474969;0.946485;1.018232;2.133904;
8.906285;0.985113;6.107993;0.722850;1.018214;1.738577;1.018214;0.001582;0.532267;0.985118;1.376521;0.860470;1.018214;1.931187;0.985119;1.475035;0.946093;1.018214;2.133851;
9.020704;0.984933;6.107384;0.723741;1.018179;1.738298;1.018179;0.001531;0.532730;0.984938;1.376671;0.859983;1.018179;1.931318;0.984938;1.475167;0.945334;1.018179;2.133777;
9.249542;0.984580;6.106187;0.725347;1.018109;1.737711;1.018109;0.001430;0.533667;0.984584;1.376965;0.859095;1.018109;1.931682;0.984585;1.475426;0.943921;1.018109;2.133755;
9.707218;0.983903;6.103892;0.727843;1.017979;1.736444;1.017978;0.001236;0.535583;0.983907;1.377539;0.857678;1.017979;1.932771;0.983908;1.475932;0.941532;1.017979;2.134142;
9.780413;0.983799;6.103537;0.728153;1.017959;1.736231;1.017959;0.001206;0.535894;0.983803;1.377629;0.857495;1.017959;1.932989;0.983803;1.476012;0.941204;1.017959;2.134257;
9.926804;0.983593;6.102837;0.728700;1.017919;1.735797;1.017919;0.001147;0.536521;0.983597;1.377808;0.857170;1.017919;1.933456;0.983597;1.476170;0.940593;1.017919;2.134523;
10.000000;0.983492;6.102493;0.728935;1.017900;1.735577;1.017900;0.001118;0.536835;0.983495;1.377897;0.857026;1.017900;1.933704;0.983496;1.476248;0.940310;1.017900;2.134674;
