time;GEN1A_generator_omegaPu;GEN1A_generator_PGenPu;GEN1A_generator_UPu;GEN1B_generator_omegaPu;GEN1B_generator_PGenPu;GEN1B_generator_UPu;GEN2A_generator_omegaPu;GEN2A_generator_PGenPu;GEN2A_generator_UPu;GEN2B_generator_omegaPu;GEN2B_generator_PGenPu;GEN2B_generator_UPu;OMEGA_REF_omegaRef_grp_0_value;OMEGA_REF_omegaRef_grp_1_value;OMEGA_REF_omegaRef_grp_2_value;OMEGA_REF_omegaRef_grp_3_value;OMEGA_REF_omegaRef_0_value;OMEGA_REF_omegaRef_1_value;NETWORK_GEN1A_BUS_numcc_value;NETWORK_GEN2A_BUS_numcc_value;
0.000000;1.000000;5.337457;1.000109;1.000000;3.904441;1.000108;1.000000;3.545166;1.000101;1.000000;3.348788;1.000105;1.000000;1.000000;1.000000;1.000000;1.000000;1.000000;0.000000;0.000000;
0.000001;1.000000;5.337457;1.000109;1.000000;3.904441;1.000108;1.000000;3.545166;1.000101;1.000000;3.348788;1.000105;1.000000;1.000000;1.000000;1.000000;1.000000;1.000000;0.000000;0.000000;
0.000002;1.000000;5.337457;1.000109;1.000000;3.904441;1.000108;1.000000;3.545166;1.000101;1.000000;3.348788;1.000105;1.000000;1.000000;1.000000;1.000000;1.000000;1.000000;0.000000;0.000000;
0.000004;1.000000;5.337457;1.000109;1.000000;3.904441;1.000108;1.000000;3.545166;1.000101;1.000000;3.348788;1.000105;1.000000;1.000000;1.000000;1.000000;1.000000;1.000000;0.000000;0.000000;
0.000008;1.000000;5.337457;1.000109;1.000000;3.904441;1.000108;1.000000;3.545166;1.000101;1.000000;3.348788;1.000105;1.000000;1.000000;1.000000;1.000000;1.000000;1.000000;0.000000;0.000000;
0.000016;1.000000;5.337457;1.000109;1.000000;3.904441;1.000108;1.000000;3.545166;1.000101;1.000000;3.348788;1.000105;1.000000;1.000000;1.000000;1.000000;1.000000;1.000000;0.000000;0.000000;
0.000032;1.000000;5.337457;1.000109;1.000000;3.904441;1.000108;1.000000;3.545166;1.000101;1.000000;3.348788;1.000105;1.000000;1.000000;1.000000;1.000000;1.000000;1.000000;0.000000;0.000000;
0.000064;1.000000;5.337457;1.000109;1.000000;3.904441;1.000108;1.000000;3.545166;1.000101;1.000000;3.348788;1.000105;1.000000;1.000000;1.000000;1.000000;1.000000;1.000000;0.000000;0.000000;
0.000128;1.000000;5.337457;1.000109;1.000000;3.904441;1.000108;1.000000;3.545166;1.000101;1.000000;3.348788;1.000105;1.000000;1.000000;1.000000;1.000000;1.000000;1.000000;0.000000;0.000000;
0.000256;1.000000;5.337457;1.000109;1.000000;3.904441;1.000108;1.000000;3.545166;1.000101;1.000000;3.348788;1.000105;1.000000;1.000000;1.000000;1.000000;1.000000;1.000000;0.000000;0.000000;
0.000512;1.000000;5.337457;1.000109;1.000000;3.904441;1.000108;1.000000;3.545166;1.000101;1.000000;3.348788;1.000105;1.000000;1.000000;1.000000;1.000000;1.000000;1.000000;0.000000;0.000000;
0.001024;1.000000;5.337457;1.000109;1.000000;3.904441;1.000108;1.000000;3.545166;1.000101;1.000000;3.348788;1.000105;1.000000;1.000000;1.000000;1.000000;1.000000;1.000000;0.000000;0.000000;
0.002048;1.000000;5.337457;1.000109;1.000000;3.904441;1.000108;1.000000;3.545166;1.000101;1.000000;3.348788;1.000105;1.000000;1.000000;1.000000;1.000000;1.000000;1.000000;0.000000;0.000000;
0.004096;1.000000;5.337457;1.000109;1.000000;3.904441;1.000108;1.000000;3.545166;1.000101;1.000000;3.348788;1.000105;1.000000;1.000000;1.000000;1.000000;1.000000;1.000000;0.000000;0.000000;
0.008192;1.000000;5.337457;1.000109;1.000000;3.904441;1.000108;1.000000;3.545167;1.000101;1.000000;3.348788;1.000105;1.000000;1.000000;1.000000;1.000000;1.000000;1.000000;0.000000;0.000000;
0.016384;1.000000;5.337456;1.000109;1.000000;3.904441;1.000108;1.000000;3.545169;1.000101;1.000000;3.348787;1.000105;1.000000;1.000000;1.000000;1.000000;1.000000;1.000000;0.000000;0.000000;
0.032768;1.000000;5.337451;1.000110;1.000000;3.904442;1.000109;1.000001;3.545177;1.000101;1.000000;3.348787;1.000105;1.000000;1.000000;1.000000;1.000000;1.000000;1.000000;0.000000;0.000000;
0.065536;1.000000;5.337435;1.000111;1.000001;3.904443;1.000109;1.000001;3.545208;1.000101;1.000001;3.348784;1.000105;1.000001;1.000001;1.000001;1.000001;1.000001;1.000000;0.000000;0.000000;
0.131072;1.000000;5.337385;1.000114;1.000001;3.904449;1.000111;1.000002;3.545300;1.000102;1.000001;3.348779;1.000107;1.000001;1.000001;1.000001;1.000001;1.000001;1.000000;0.000000;0.000000;
0.262144;1.000002;5.337295;1.000119;1.000002;3.904461;1.000114;1.000003;3.545447;1.000102;1.000002;3.348780;1.000110;1.000002;1.000002;1.000002;1.000002;1.000002;1.000000;0.000000;0.000000;
0.524288;1.000005;5.337328;1.000117;1.000004;3.904459;1.000113;1.000004;3.545377;1.000102;1.000004;3.348789;1.000108;1.000004;1.000004;1.000004;1.000004;1.000004;1.000000;0.000000;0.000000;
1.000000;1.000009;5.337356;1.000115;1.000008;3.904454;1.000112;1.000008;3.545335;1.000102;1.000008;3.348787;1.000108;1.000008;1.000008;1.000008;1.000008;1.000008;1.000000;0.000000;0.000000;
1.000000;1.000009;5.125336;1.154907;1.000008;3.632225;1.153656;1.000008;3.735677;0.847507;1.000008;3.279897;0.842019;1.000008;1.000008;1.000008;1.000008;1.000008;1.000008;0.000000;1.000000;
1.000001;1.000009;5.125336;1.154907;1.000008;3.632225;1.153656;1.000008;3.735677;0.847507;1.000008;3.279897;0.842019;1.000009;1.000009;1.000008;1.000008;1.000009;1.000008;0.000000;1.000000;
1.000002;1.000009;5.125336;1.154907;1.000009;3.632225;1.153656;1.000008;3.735677;0.847507;1.000008;3.279897;0.842019;1.000009;1.000009;1.000008;1.000008;1.000009;1.000008;0.000000;1.000000;
1.000004;1.000009;5.125336;1.154907;1.000009;3.632225;1.153656;1.000008;3.735677;0.847507;1.000009;3.279897;0.842019;1.000009;1.000009;1.000008;1.000008;1.000009;1.000008;0.000000;1.000000;
1.000008;1.000009;5.125336;1.154907;1.000009;3.632225;1.153656;1.000008;3.735677;0.847507;1.000009;3.279897;0.842019;1.000009;1.000009;1.000008;1.000008;1.000009;1.000008;0.000000;1.000000;
1.000016;1.000009;5.125336;1.154907;1.000009;3.632225;1.153656;1.000008;3.735677;0.847507;1.000009;3.279897;0.842019;1.000009;1.000009;1.000008;1.000008;1.000009;1.000008;0.000000;1.000000;
1.000032;1.000009;5.125336;1.154907;1.000010;3.632225;1.153656;1.000008;3.735677;0.847507;1.000009;3.279897;0.842019;1.000009;1.000009;1.000008;1.000008;1.000009;1.000008;0.000000;1.000000;
1.000064;1.000010;5.125336;1.154907;1.000011;3.632225;1.153656;1.000007;3.735677;0.847507;1.000009;3.279897;0.842019;1.000010;1.000010;1.000008;1.000008;1.000010;1.000008;0.000000;1.000000;
1.000128;1.000011;5.125336;1.154907;1.000013;3.632225;1.153656;1.000006;3.735677;0.847507;1.000010;3.279897;0.842019;1.000012;1.000012;1.000008;1.000008;1.000012;1.000008;0.000000;1.000000;
1.000256;1.000013;5.125336;1.154907;1.000017;3.632226;1.153656;1.000004;3.735676;0.847507;1.000011;3.279897;0.842019;1.000015;1.000015;1.000008;1.000008;1.000015;1.000008;0.000000;1.000000;
1.000512;1.000017;5.125334;1.154907;1.000026;3.632227;1.153656;1.000000;3.735675;0.847507;1.000014;3.279898;0.842019;1.000021;1.000021;1.000007;1.000007;1.000021;1.000007;0.000000;1.000000;
1.001024;1.000025;5.125329;1.154907;1.000043;3.632233;1.153656;0.999991;3.735669;0.847506;1.000020;3.279902;0.842018;1.000033;1.000033;1.000005;1.000005;1.000033;1.000005;0.000000;1.000000;
1.002048;1.000042;5.125306;1.154907;1.000078;3.632259;1.153656;0.999973;3.735644;0.847506;1.000032;3.279917;0.842017;1.000057;1.000057;1.000002;1.000002;1.000057;1.000002;0.000000;1.000000;
1.004096;1.000075;5.125217;1.154909;1.000148;3.632359;1.153656;0.999938;3.735545;0.847505;1.000055;3.279978;0.842012;1.000106;1.000106;0.999995;0.999995;1.000106;0.999995;0.000000;1.000000;
1.008192;1.000142;5.124859;1.154917;1.000287;3.632759;1.153656;0.999867;3.735150;0.847500;1.000102;3.280219;0.841992;1.000203;1.000203;0.999981;0.999981;1.000203;0.999981;0.000000;1.000000;
1.016384;1.000277;5.123436;1.154947;1.000564;3.634348;1.153656;0.999727;3.733576;0.847481;1.000195;3.281179;0.841912;1.000398;1.000398;0.999953;0.999953;1.000398;0.999953;0.000000;1.000000;
1.032768;1.000551;5.117887;1.155065;1.001109;3.640537;1.153653;0.999454;3.727377;0.847405;1.000373;3.284937;0.841597;1.000786;1.000786;0.999898;0.999898;1.000786;0.999898;0.000000;1.000000;
1.065536;1.001136;5.097723;1.155477;1.002134;3.662866;1.153630;0.998958;3.703940;0.847086;1.000673;3.298813;0.840379;1.001556;1.001556;0.999788;0.999788;1.001556;0.999788;0.000000;1.000000;
1.098304;1.001785;5.068448;1.156031;1.003046;3.694801;1.153556;0.998557;3.667739;0.846499;1.000877;3.319157;0.838415;1.002316;1.002316;0.999680;0.999680;1.002316;0.999680;0.000000;1.000000;
1.131072;1.002511;5.034967;1.156600;1.003821;3.730647;1.153414;0.998278;3.622228;0.845603;1.000962;3.342945;0.835809;1.003063;1.003063;0.999577;0.999577;1.003063;0.999577;0.000000;1.000000;
1.163840;1.003317;5.002915;1.157091;1.004459;3.764382;1.153229;0.998141;3.571844;0.844428;1.000918;3.367172;0.832759;1.003798;1.003798;0.999485;0.999485;1.003798;0.999485;0.000000;1.000000;
1.196608;1.004192;4.977678;1.157445;1.004982;3.790592;1.153053;0.998150;3.521541;0.843073;1.000751;3.389281;0.829551;1.004524;1.004524;0.999409;0.999409;1.004524;0.999409;0.000000;1.000000;
1.229376;1.005112;4.963482;1.157638;1.005426;3.805266;1.152948;0.998297;3.476327;0.841712;1.000478;3.407502;0.826536;1.005244;1.005244;0.999352;0.999352;1.005244;0.999352;0.000000;1.000000;
1.262144;1.006049;4.962600;1.157662;1.005843;3.806308;1.152953;0.998558;3.440690;0.840552;1.000122;3.420862;0.824079;1.005962;1.005962;0.999315;0.999315;1.005962;0.999315;0.000000;1.000000;
1.294912;1.006969;4.974953;1.157515;1.006286;3.793759;1.153063;0.998900;3.418129;0.839789;0.999710;3.428976;0.822496;1.006681;1.006681;0.999292;0.999292;1.006681;0.999292;0.000000;1.000000;
1.327680;1.007844;4.998165;1.157200;1.006804;3.769770;1.153235;0.999282;3.410799;0.839554;0.999270;3.431753;0.821994;1.007406;1.007406;0.999276;0.999276;1.007406;0.999276;0.000000;1.000000;
1.360448;1.008654;5.028071;1.156744;1.007433;3.738310;1.153409;0.999657;3.419307;0.839886;0.998833;3.429171;0.822630;1.008140;1.008140;0.999258;0.999258;1.008140;0.999258;0.000000;1.000000;
1.393216;1.009390;5.059535;1.156206;1.008192;3.704592;1.153540;0.999982;3.442662;0.840716;0.998427;3.421214;0.824304;1.008885;1.008885;0.999229;0.999229;1.008885;0.999229;0.000000;1.000000;
1.425984;1.010054;5.087385;1.155682;1.009076;3.674239;1.153612;1.000217;3.478370;0.841894;0.998080;3.408002;0.826779;1.009642;1.009642;0.999183;0.999183;1.009642;0.999183;0.000000;1.000000;
1.458752;1.010661;5.107242;1.155282;1.010061;3.652318;1.153640;1.000333;3.522696;0.843221;0.997819;3.390048;0.829726;1.010408;1.010408;0.999117;0.999117;1.010408;0.999117;0.000000;1.000000;
1.491520;1.011235;5.116143;1.155098;1.011105;3.642436;1.153648;1.000314;3.571081;0.844500;0.997665;3.368520;0.832789;1.011180;1.011180;0.999032;0.999032;1.011180;0.999032;0.000000;1.000000;
1.524288;1.011805;5.112888;1.155168;1.012158;3.646081;1.153648;1.000154;3.618668;0.845584;0.997631;3.345360;0.835647;1.011953;1.011953;0.998933;0.998933;1.011953;0.998933;0.000000;1.000000;
1.557056;1.012398;5.098161;1.155469;1.013168;3.662384;1.153631;0.999866;3.660852;0.846398;0.997718;3.323147;0.838050;1.012722;1.012722;0.998826;0.998826;1.012722;0.998826;0.000000;1.000000;
1.589824;1.013039;5.074427;1.155922;1.014093;3.688328;1.153576;0.999470;3.693749;0.846936;0.997910;3.304710;0.839839;1.013482;1.013482;0.998715;0.998715;1.013482;0.998715;0.000000;1.000000;
1.622592;1.013745;5.045597;1.156428;1.014904;3.719356;1.153467;0.999001;3.714504;0.847232;0.998181;3.292583;0.840930;1.014233;1.014233;0.998604;0.998604;1.014233;0.998604;0.000000;1.000000;
1.655360;1.014521;5.016453;1.156893;1.015593;3.750231;1.153316;0.998494;3.721441;0.847325;0.998490;3.288465;0.841290;1.014972;1.014972;0.998492;0.998492;1.014972;0.998492;0.000000;1.000000;
1.688128;1.015361;4.991864;1.157254;1.016172;3.775940;1.153159;0.997993;3.714110;0.847230;0.998796;3.292850;0.840912;1.015703;1.015703;0.998382;0.998382;1.015703;0.998382;0.000000;1.000000;
1.720896;1.016250;4.975935;1.157477;1.016670;3.792477;1.153047;0.997537;3.693283;0.846926;0.999055;3.304942;0.839811;1.016427;1.016427;0.998271;0.998271;1.016427;0.998271;0.000000;1.000000;
1.753664;1.017161;4.971258;1.157548;1.017128;3.797396;1.153020;0.997161;3.660925;0.846376;0.999232;3.322855;0.838035;1.017147;1.017147;0.998163;0.998163;1.017147;0.998163;0.000000;1.000000;
1.786432;1.018068;4.978447;1.157464;1.017595;3.790108;1.153085;0.996894;3.620095;0.845561;0.999304;3.344057;0.835686;1.017869;1.017869;0.998060;0.998060;1.017869;0.998060;0.000000;1.000000;
1.819200;1.018942;4.996050;1.157227;1.018114;3.771934;1.153217;0.996755;3.574729;0.844505;0.999261;3.365898;0.832942;1.018594;1.018594;0.997967;0.997967;1.018594;0.997967;0.000000;1.000000;
1.851968;1.019764;5.020871;1.156857;1.018723;3.745915;1.153370;0.996747;3.529280;0.843299;0.999107;3.386082;0.830060;1.019326;1.019326;0.997889;0.997889;1.019326;0.997889;0.000000;1.000000;
1.884736;1.020522;5.048604;1.156398;1.019442;3.716364;1.153499;0.996864;3.488248;0.842092;0.998854;3.402941;0.827350;1.020068;1.020068;0.997827;0.997827;1.020068;0.997827;0.000000;1.000000;
1.917504;1.021215;5.074624;1.155927;1.020275;3.688200;1.153584;0.997085;3.455698;0.841062;0.998525;3.415477;0.825133;1.020819;1.020819;0.997782;0.997782;1.020819;0.997782;0.000000;1.000000;
1.950272;1.021853;5.094767;1.155536;1.021205;3.666116;1.153625;0.997381;3.434820;0.840376;0.998143;3.423221;0.823687;1.021580;1.021580;0.997749;0.997749;1.021580;0.997749;0.000000;1.000000;
1.983040;1.022455;5.105953;1.155310;1.022200;3.653759;1.153640;0.997713;3.427609;0.840150;0.997735;3.426005;0.823197;1.022348;1.022348;0.997724;0.997724;1.022348;0.997724;0.000000;1.000000;
2.015808;1.023043;5.106583;1.155298;1.023218;3.653073;1.153642;0.998042;3.434672;0.840418;0.997327;3.423786;0.823719;1.023117;1.023117;0.997696;0.997696;1.023117;0.997696;0.000000;1.000000;
2.048576;1.023645;5.096721;1.155497;1.024213;3.663970;1.153629;0.998327;3.455172;0.841129;0.996947;3.416584;0.825171;1.023884;1.023884;0.997659;0.997659;1.023884;0.997659;0.000000;1.000000;
2.083448;1.024326;5.076756;1.155882;1.025200;3.685828;1.153585;0.998541;3.489039;0.842187;0.996604;3.403393;0.827464;1.024694;1.024694;0.997604;0.997604;1.024694;0.997604;0.000000;1.000000;
2.118321;1.025067;5.050690;1.156346;1.026080;3.713959;1.153494;0.998635;3.531536;0.843410;0.996352;3.385642;0.830247;1.025493;1.025493;0.997531;0.997531;1.025493;0.997531;0.000000;1.000000;
2.153193;1.025877;5.023369;1.156791;1.026840;3.742997;1.153360;0.998591;3.577718;0.844589;0.996212;3.364622;0.833135;1.026283;1.026283;0.997440;0.997440;1.026283;0.997440;0.000000;1.000000;
2.188066;1.026752;4.999888;1.157144;1.027490;3.767634;1.153217;0.998407;3.622395;0.845580;0.996194;3.342576;0.835795;1.027063;1.027063;0.997336;0.997336;1.027063;0.997336;0.000000;1.000000;
2.206027;1.027230;4.991795;1.157281;1.027776;3.776292;1.153182;0.998243;3.642975;0.846047;0.996246;3.332505;0.837027;1.027460;1.027460;0.997277;0.997277;1.027460;0.997277;0.000000;1.000000;
2.223987;1.027715;4.986691;1.157354;1.028051;3.781606;1.153148;0.998051;3.660569;0.846382;0.996325;3.323176;0.838025;1.027857;1.027857;0.997216;0.997216;1.027857;0.997216;0.000000;1.000000;
2.241948;1.028203;4.984850;1.157379;1.028322;3.783510;1.153135;0.997836;3.674841;0.846630;0.996427;3.315350;0.838815;1.028253;1.028253;0.997154;0.997154;1.028253;0.997154;0.000000;1.000000;
2.277870;1.029170;4.988392;1.157330;1.028878;3.779836;1.153160;0.997373;3.694794;0.846950;0.996667;3.304088;0.839893;1.029047;1.029047;0.997031;0.997031;1.029047;0.997031;0.000000;1.000000;
2.313791;1.030109;5.002151;1.157128;1.029481;3.765457;1.153248;0.996881;3.700428;0.846986;0.996941;3.300321;0.840153;1.029845;1.029845;0.996910;0.996910;1.029845;0.996910;0.000000;1.000000;
2.349713;1.031000;5.023443;1.156811;1.030167;3.743141;1.153379;0.996400;3.691825;0.846897;0.997204;3.305709;0.839730;1.030649;1.030649;0.996789;0.996789;1.030649;0.996789;0.000000;1.000000;
2.385634;1.031829;5.047793;1.156407;1.030958;3.717177;1.153491;0.995973;3.669810;0.846557;0.997411;3.318267;0.838547;1.031462;1.031462;0.996669;0.996669;1.031462;0.996669;0.000000;1.000000;
2.421556;1.032596;5.070424;1.156000;1.031858;3.692716;1.153567;0.995637;3.636772;0.845958;0.997527;3.336101;0.836699;1.032285;1.032285;0.996552;0.996552;1.032285;0.996552;0.000000;1.000000;
2.457478;1.033312;5.087035;1.155683;1.032848;3.674568;1.153607;0.995420;3.596621;0.845097;0.997532;3.356269;0.834336;1.033117;1.033117;0.996442;0.996442;1.033117;0.996442;0.000000;1.000000;
2.493399;1.033997;5.094627;1.155535;1.033893;3.666237;1.153622;0.995336;3.553998;0.844044;0.997421;3.376086;0.831704;1.033953;1.033953;0.996345;0.996345;1.033953;0.996345;0.000000;1.000000;
2.529321;1.034678;5.091961;1.155590;1.034945;3.669190;1.153619;0.995382;3.513936;0.842932;0.997202;3.393313;0.829120;1.034791;1.034791;0.996263;0.996263;1.034791;0.996263;0.000000;1.000000;
2.565242;1.035380;5.079726;1.155826;1.035960;3.682592;1.153593;0.995542;3.481156;0.841940;0.996896;3.406469;0.826930;1.035624;1.035624;0.996197;0.996197;1.035624;0.996197;0.000000;1.000000;
2.601164;1.036126;5.060402;1.156179;1.036898;3.703533;1.153532;0.995786;3.459487;0.841248;0.996529;3.414738;0.825449;1.036451;1.036451;0.996145;0.996145;1.036451;0.996145;0.000000;1.000000;
2.637085;1.036927;5.037816;1.156562;1.037738;3.727707;1.153436;0.996072;3.451391;0.840984;0.996131;3.417772;0.824891;1.037269;1.037269;0.996101;0.996101;1.037269;0.996101;0.000000;1.000000;
2.673007;1.037787;5.016427;1.156900;1.038478;3.750331;1.153322;0.996358;3.457676;0.841195;0.995733;3.415484;0.825330;1.038078;1.038078;0.996055;0.996055;1.038078;0.996055;0.000000;1.000000;
2.708929;1.038695;5.000446;1.157140;1.039134;3.767096;1.153225;0.996598;3.477408;0.841828;0.995366;3.407976;0.826681;1.038880;1.038880;0.996002;0.996002;1.038880;0.996002;0.000000;1.000000;
2.744850;1.039633;4.992965;1.157252;1.039740;3.774944;1.153179;0.996754;3.508047;0.842750;0.995060;3.395641;0.828724;1.039678;1.039678;0.995935;0.995935;1.039678;0.995935;0.000000;1.000000;
2.780772;1.040576;4.995313;1.157226;1.040337;3.772574;1.153201;0.996800;3.545774;0.843792;0.994840;3.379363;0.831153;1.040475;1.040475;0.995852;0.995852;1.040475;0.995852;0.000000;1.000000;
2.816693;1.041499;5.006808;1.157064;1.040967;3.760625;1.153281;0.996720;3.586009;0.844787;0.994723;3.360684;0.833640;1.041275;1.041275;0.995754;0.995754;1.041275;0.995754;0.000000;1.000000;
2.852615;1.042382;5.024945;1.156786;1.041666;3.741539;1.153386;0.996517;3.624013;0.845618;0.994716;3.341793;0.835893;1.042081;1.042081;0.995646;0.995646;1.042081;0.995646;0.000000;1.000000;
2.888537;1.043212;5.045987;1.156437;1.042456;3.719113;1.153484;0.996205;3.655485;0.846228;0.994811;3.325253;0.837689;1.042894;1.042894;0.995530;0.995530;1.042894;0.995530;0.000000;1.000000;
2.924458;1.043988;5.065764;1.156086;1.043340;3.697777;1.153554;0.995811;3.677034;0.846611;0.994986;3.313523;0.838888;1.043715;1.043715;0.995412;0.995412;1.043715;0.995412;0.000000;1.000000;
2.960380;1.044719;5.080509;1.155810;1.044304;3.681721;1.153593;0.995371;3.686468;0.846782;0.995207;3.308410;0.839414;1.044544;1.044544;0.995292;0.995292;1.044544;0.995292;0.000000;1.000000;
2.996301;1.045423;5.087534;1.155675;1.045315;3.674036;1.153609;0.994927;3.682942;0.846748;0.995432;3.310649;0.839243;1.045378;1.045378;0.995171;0.995171;1.045378;0.995171;0.000000;1.000000;
3.032223;1.046121;5.085675;1.155712;1.046337;3.676085;1.153606;0.994517;3.666992;0.846501;0.995622;3.319734;0.838386;1.046212;1.046212;0.995051;0.995051;1.046212;0.995051;0.000000;1.000000;
3.068144;1.046837;5.075449;1.155906;1.047327;3.687250;1.153581;0.994177;3.640488;0.846023;0.995741;3.334077;0.836906;1.047043;1.047043;0.994934;0.994934;1.047043;0.994934;0.000000;1.000000;
3.104066;1.047589;5.058947;1.156205;1.048252;3.705107;1.153527;0.993937;3.606489;0.845317;0.995767;3.351406;0.834924;1.047869;1.047869;0.994822;0.994822;1.047869;0.994822;0.000000;1.000000;
3.139988;1.048390;5.039446;1.156536;1.049094;3.725984;1.153445;0.993811;3.568948;0.844426;0.995690;3.369287;0.832639;1.048686;1.048686;0.994720;0.994720;1.048686;0.994720;0.000000;1.000000;
3.175909;1.049242;5.020799;1.156835;1.049848;3.745745;1.153348;0.993804;3.532268;0.843454;0.995514;3.385578;0.830314;1.049497;1.049497;0.994631;0.994631;1.049497;0.994631;0.000000;1.000000;
3.196468;1.049756;5.012690;1.156973;1.050232;3.754424;1.153314;0.993866;3.514117;0.842930;0.995360;3.393160;0.829126;1.049956;1.049956;0.994589;0.994589;1.049956;0.994589;0.000000;1.000000;
3.217027;1.050279;5.007129;1.157057;1.050602;3.760266;1.153281;0.993956;3.499162;0.842492;0.995185;3.399322;0.828140;1.050415;1.050415;0.994551;0.994551;1.050415;0.994551;0.000000;1.000000;
3.237585;1.050806;5.004382;1.157098;1.050965;3.763146;1.153264;0.994066;3.487820;0.842149;0.994995;3.403878;0.827382;1.050873;1.050873;0.994515;0.994515;1.050873;0.994515;0.000000;1.000000;
3.278703;1.051856;5.005262;1.157085;1.051697;3.762227;1.153270;0.994311;3.474374;0.841732;0.994596;3.409147;0.826474;1.051789;1.051789;0.994449;0.994449;1.051789;0.994449;0.000000;1.000000;
3.319820;1.052885;5.015148;1.156935;1.052466;3.751836;1.153328;0.994565;3.475973;0.841782;0.994192;3.408528;0.826583;1.052708;1.052708;0.994384;0.994384;1.052708;0.994384;0.000000;1.000000;
3.360937;1.053873;5.031698;1.156675;1.053304;3.734352;1.153418;0.994782;3.492406;0.842289;0.993813;3.402043;0.827689;1.053634;1.053634;0.994313;0.994313;1.053634;0.994313;0.000000;1.000000;
3.402055;1.054807;5.050539;1.156357;1.054237;3.714208;1.153500;0.994913;3.521070;0.843119;0.993498;3.390132;0.829571;1.054567;1.054567;0.994229;0.994229;1.054567;0.994229;0.000000;1.000000;
3.443172;1.055689;5.066460;1.156072;1.055260;3.697010;1.153555;0.994923;3.556996;0.844101;0.993280;3.374509;0.831875;1.055508;1.055508;0.994128;0.994128;1.055508;0.994128;0.000000;1.000000;
3.484289;1.056534;5.075917;1.155898;1.056348;3.686741;1.153583;0.994797;3.594624;0.845021;0.993175;3.356911;0.834192;1.056456;1.056456;0.994012;0.994012;1.056456;0.994012;0.000000;1.000000;
3.525407;1.057365;5.076898;1.155879;1.057461;3.685673;1.153585;0.994544;3.628399;0.845758;0.993183;3.340093;0.836191;1.057405;1.057405;0.993885;0.993885;1.057405;0.993885;0.000000;1.000000;
3.566524;1.058207;5.069445;1.156017;1.058553;3.693774;1.153564;0.994186;3.653503;0.846251;0.993289;3.326956;0.837628;1.058353;1.058353;0.993752;0.993752;1.058353;0.993752;0.000000;1.000000;
3.607641;1.059083;5.055598;1.156266;1.059586;3.708738;1.153517;0.993764;3.666547;0.846487;0.993457;3.319912;0.838357;1.059295;1.059295;0.993616;0.993616;1.059295;0.993616;0.000000;1.000000;
3.648759;1.060006;5.038886;1.156553;1.060539;3.726654;1.153448;0.993324;3.665943;0.846477;0.993644;3.320244;0.838324;1.060230;1.060230;0.993479;0.993479;1.060230;0.993479;0.000000;1.000000;
3.689876;1.060977;5.023467;1.156804;1.061408;3.743045;1.153373;0.992914;3.652032;0.846224;0.993801;3.327748;0.837544;1.061158;1.061158;0.993343;0.993343;1.061158;0.993343;0.000000;1.000000;
3.730993;1.061985;5.013103;1.156966;1.062213;3.753990;1.153316;0.992579;3.627000;0.845730;0.993887;3.340817;0.836109;1.062081;1.062081;0.993212;0.993212;1.062081;0.993212;0.000000;1.000000;
3.772111;1.063011;5.010216;1.157010;1.062986;3.757028;1.153300;0.992350;3.594600;0.845021;0.993874;3.356926;0.834190;1.063000;1.063000;0.993088;0.993088;1.063000;0.993088;0.000000;1.000000;
3.813228;1.064032;5.015299;1.156932;1.063768;3.751677;1.153329;0.992244;3.559660;0.844170;0.993755;3.373306;0.832042;1.063921;1.063921;0.992975;0.992975;1.063921;0.992975;0.000000;1.000000;
3.854346;1.065026;5.026838;1.156750;1.064595;3.739476;1.153391;0.992258;3.527393;0.843307;0.993535;3.387545;0.829989;1.064845;1.064845;0.992876;0.992876;1.064845;0.992876;0.000000;1.000000;
3.895463;1.065981;5.041772;1.156504;1.065493;3.723574;1.153461;0.992373;3.502597;0.842594;0.993235;3.397921;0.828367;1.065775;1.065775;0.992790;0.992790;1.065775;0.992790;0.000000;1.000000;
3.936580;1.066891;5.056328;1.156253;1.066467;3.707953;1.153520;0.992554;3.488910;0.842182;0.992885;3.403442;0.827455;1.066712;1.066712;0.992714;0.992714;1.066712;0.992714;0.000000;1.000000;
3.977698;1.067762;5.067175;1.156060;1.067508;3.696247;1.153558;0.992760;3.488265;0.842165;0.992515;3.403724;0.827414;1.067655;1.067655;0.992641;0.992641;1.067655;0.992641;0.000000;1.000000;
4.018815;1.068612;5.071498;1.155980;1.068588;3.691552;1.153571;0.992941;3.500793;0.842540;0.992162;3.398656;0.828248;1.068602;1.068602;0.992564;0.992564;1.068602;0.992564;0.000000;1.000000;
4.059932;1.069461;5.068269;1.156040;1.069669;3.695059;1.153561;0.993053;3.524461;0.843217;0.991862;3.388720;0.829793;1.069548;1.069548;0.992477;0.992477;1.069548;0.992477;0.000000;1.000000;
4.101050;1.070331;5.058414;1.156215;1.070712;3.705689;1.153526;0.993063;3.555416;0.844039;0.991644;3.374992;0.831757;1.070492;1.070492;0.992376;0.992376;1.070492;0.992376;0.000000;1.000000;
4.142167;1.071239;5.044911;1.156451;1.071690;3.720213;1.153475;0.992953;3.588474;0.844877;0.991525;3.359862;0.833819;1.071429;1.071429;0.992262;0.992262;1.071429;0.992262;0.000000;1.000000;
4.183284;1.072188;5.031128;1.156681;1.072596;3.734918;1.153412;0.992730;3.618651;0.845555;0.991505;3.345051;0.835622;1.072360;1.072360;0.992137;0.992137;1.072360;0.992137;0.000000;1.000000;
4.205447;1.072721;5.025132;1.156777;1.073047;3.741280;1.153382;0.992554;3.631395;0.845818;0.991545;3.338541;0.836363;1.072859;1.072859;0.992066;0.992066;1.072859;0.992066;0.000000;1.000000;
4.227609;1.073261;5.020974;1.156843;1.073487;3.745677;1.153359;0.992359;3.640900;0.846006;0.991603;3.333584;0.836908;1.073356;1.073356;0.991993;0.991993;1.073356;0.991993;0.000000;1.000000;
4.249771;1.073805;5.018837;1.156876;1.073920;3.747932;1.153347;0.992153;3.646927;0.846121;0.991672;3.330391;0.837250;1.073853;1.073853;0.991920;0.991920;1.073853;0.991920;0.000000;1.000000;
4.294095;1.074889;5.019196;1.156871;1.074791;3.747559;1.153350;0.991737;3.650724;0.846196;0.991815;3.328416;0.837468;1.074848;1.074848;0.991775;0.991775;1.074848;0.991775;0.000000;1.000000;
4.338420;1.075958;5.025966;1.156764;1.075688;3.740396;1.153386;0.991340;3.641963;0.846029;0.991940;3.333051;0.836971;1.075845;1.075845;0.991630;0.991630;1.075845;0.991630;0.000000;1.000000;
4.382744;1.076998;5.037445;1.156574;1.076637;3.728167;1.153440;0.991001;3.621700;0.845613;0.992010;3.343444;0.835795;1.076846;1.076846;0.991490;0.991490;1.076846;0.991490;0.000000;1.000000;
4.427069;1.077998;5.049743;1.156368;1.077654;3.715034;1.153495;0.990763;3.593995;0.845006;0.991990;3.357208;0.834153;1.077853;1.077853;0.991356;0.991356;1.077853;0.991356;0.000000;1.000000;
4.471393;1.078962;5.059434;1.156199;1.078733;3.704609;1.153532;0.990639;3.563546;0.844270;0.991868;3.371539;0.832285;1.078866;1.078866;0.991234;0.991234;1.078866;0.991234;0.000000;1.000000;
4.515718;1.079905;5.063977;1.156117;1.079850;3.699700;1.153547;0.990630;3.535575;0.843533;0.991652;3.384020;0.830517;1.079882;1.079882;0.991124;0.991124;1.079882;0.991124;0.000000;1.000000;
4.560042;1.080844;5.062330;1.156147;1.080973;3.701481;1.153542;0.990712;3.514856;0.842953;0.991361;3.392864;0.829175;1.080898;1.080898;0.991026;0.991026;1.080898;0.991026;0.000000;1.000000;
4.604367;1.081799;5.055182;1.156274;1.082068;3.709191;1.153516;0.990850;3.504847;0.842662;0.991025;3.397017;0.828517;1.081912;1.081912;0.990935;0.990935;1.081912;0.990935;0.000000;1.000000;
4.648691;1.082784;5.044715;1.156455;1.083112;3.720427;1.153474;0.990999;3.507093;0.842728;0.990681;3.396099;0.828666;1.082922;1.082922;0.990845;0.990845;1.082922;0.990845;0.000000;1.000000;
4.693015;1.083802;5.033964;1.156634;1.084097;3.731902;1.153426;0.991112;3.520963;0.843128;0.990363;3.390308;0.829575;1.083926;1.083926;0.990750;0.990750;1.083926;0.990750;0.000000;1.000000;
4.737340;1.084851;5.025951;1.156764;1.085030;3.740413;1.153386;0.991150;3.543808;0.843757;0.990104;3.380428;0.831044;1.084926;1.084926;0.990644;0.990644;1.084926;0.990644;0.000000;1.000000;
4.781664;1.085916;5.022831;1.156814;1.085934;3.743716;1.153369;0.991089;3.571476;0.844469;0.989927;3.367891;0.832778;1.085923;1.085923;0.990526;0.990526;1.085923;0.990526;0.000000;1.000000;
4.825989;1.086980;5.025300;1.156775;1.086839;3.741101;1.153382;0.990919;3.599113;0.845124;0.989841;3.354732;0.834461;1.086921;1.086921;0.990398;0.990398;1.086921;0.990398;0.000000;1.000000;
4.870313;1.088028;5.032446;1.156659;1.087773;3.733515;1.153418;0.990653;3.622038;0.845625;0.989843;3.343325;0.835819;1.087921;1.087921;0.990261;0.990261;1.087921;0.990261;0.000000;1.000000;
4.914638;1.089048;5.042073;1.156499;1.088754;3.723250;1.153463;0.990317;3.636533;0.845921;0.989909;3.335878;0.836659;1.088925;1.088925;0.990120;0.990120;1.088925;0.990120;0.000000;1.000000;
4.958962;1.090038;5.051389;1.156340;1.089789;3.713267;1.153501;0.989949;3.640404;0.845998;0.990005;3.333859;0.836881;1.089933;1.089933;0.989976;0.989976;1.089933;0.989976;0.000000;1.000000;
5.003287;1.091002;5.058017;1.156219;1.090870;3.706085;1.153522;0.989587;3.633093;0.845854;0.990097;3.337682;0.836462;1.090946;1.090946;0.989834;0.989834;1.090946;0.989834;0.000000;1.000000;
5.047611;1.091951;5.059908;1.156188;1.091975;3.704072;1.153531;0.989274;3.615598;0.845483;0.990143;3.346514;0.835436;1.091961;1.091961;0.989695;0.989695;1.091961;0.989695;0.000000;1.000000;
5.091935;1.092906;5.056509;1.156251;1.093071;3.707763;1.153521;0.989049;3.591653;0.844952;0.990110;3.358334;0.834011;1.092975;1.092975;0.989562;0.989562;1.092975;0.989562;0.000000;1.000000;
5.136260;1.093880;5.049169;1.156378;1.094133;3.715653;1.153493;0.988925;3.565343;0.844315;0.989988;3.370714;0.832397;1.093986;1.093986;0.989439;0.989439;1.093986;0.989439;0.000000;1.000000;
5.180584;1.094881;5.040161;1.156531;1.095148;3.725294;1.153454;0.988900;3.541186;0.843685;0.989784;3.381566;0.830875;1.094993;1.094993;0.989327;0.989327;1.094993;0.989327;0.000000;1.000000;
5.224909;1.095910;5.032086;1.156665;1.096115;3.733899;1.153417;0.988953;3.523305;0.843193;0.989514;3.389298;0.829725;1.095996;1.095996;0.989225;0.989225;1.095996;0.989225;0.000000;1.000000;
5.269233;1.096958;5.027181;1.156744;1.097048;3.739107;1.153392;0.989055;3.514678;0.842948;0.989207;3.392941;0.829163;1.096996;1.096996;0.989129;0.989129;1.096996;0.989129;0.000000;1.000000;
5.313558;1.098016;5.026708;1.156753;1.097964;3.739615;1.153390;0.989172;3.516629;0.842993;0.988887;3.392010;0.829282;1.097994;1.097994;0.989034;0.989034;1.097994;0.989034;0.000000;1.000000;
5.357882;1.099068;5.030954;1.156683;1.098891;3.735101;1.153411;0.989259;3.529170;0.843361;0.988590;3.386831;0.830108;1.098994;1.098994;0.988935;0.988935;1.098994;0.988935;0.000000;1.000000;
5.403665;1.100132;5.038527;1.156559;1.099889;3.727037;1.153447;0.989273;3.549976;0.843918;0.988343;3.377664;0.831433;1.100029;1.100029;0.988823;0.988823;1.100029;0.988823;0.000000;1.000000;
5.449448;1.101168;5.046949;1.156415;1.100933;3.718020;1.153482;0.989191;3.574882;0.844544;0.988176;3.366211;0.832981;1.101069;1.101069;0.988700;0.988700;1.101069;0.988700;0.000000;1.000000;
5.495231;1.102179;5.053711;1.156297;1.102021;3.710749;1.153508;0.989011;3.599262;0.845110;0.988093;3.354465;0.834455;1.102113;1.102113;0.988567;0.988567;1.102113;0.988567;0.000000;1.000000;
5.523955;1.102802;5.055552;1.156267;1.102724;3.708789;1.153517;0.988836;3.611531;0.845400;0.988096;3.348610;0.835201;1.102769;1.102769;0.988478;0.988478;1.102769;0.988478;0.000000;1.000000;
5.552679;1.103425;5.055449;1.156267;1.103427;3.708882;1.153515;0.988639;3.619850;0.845559;0.988120;3.344219;0.835674;1.103426;1.103426;0.988388;0.988388;1.103426;0.988388;0.000000;1.000000;
5.581403;1.104052;5.053764;1.156297;1.104122;3.710699;1.153509;0.988432;3.624267;0.845648;0.988154;3.341933;0.835929;1.104082;1.104082;0.988298;0.988298;1.104082;0.988298;0.000000;1.000000;
5.638851;1.105322;5.048016;1.156398;1.105485;3.716888;1.153488;0.988024;3.624402;0.845676;0.988215;3.342135;0.835958;1.105391;1.105391;0.988116;0.988116;1.105391;0.988116;0.000000;1.000000;
5.690555;1.106490;5.041121;1.156515;1.106669;3.724268;1.153458;0.987691;3.613434;0.845442;0.988238;3.347663;0.835314;1.106565;1.106565;0.987956;0.987956;1.106565;0.987956;0.000000;1.000000;
5.742258;1.107682;5.034952;1.156617;1.107812;3.730839;1.153429;0.987428;3.594312;0.845020;0.988198;3.357128;0.834177;1.107736;1.107736;0.987801;0.987801;1.107736;0.987801;0.000000;1.000000;
5.793962;1.108889;5.031853;1.156669;1.108926;3.734146;1.153415;0.987262;3.571667;0.844472;0.988073;3.367788;0.832789;1.108905;1.108905;0.987655;0.987655;1.108905;0.987655;0.000000;1.000000;
5.845665;1.110100;5.032667;1.156655;1.110036;3.733281;1.153419;0.987193;3.550579;0.843934;0.987866;3.377396;0.831471;1.110073;1.110073;0.987519;0.987519;1.110073;0.987519;0.000000;1.000000;
5.897368;1.111301;5.036977;1.156584;1.111162;3.728691;1.153440;0.987206;3.535457;0.843523;0.987592;3.383995;0.830503;1.111242;1.111242;0.987392;0.987392;1.111242;0.987392;0.000000;1.000000;
5.949072;1.112482;5.043075;1.156482;1.112323;3.722174;1.153466;0.987261;3.529867;0.843371;0.987282;3.386440;0.830146;1.112415;1.112415;0.987271;0.987271;1.112415;0.987271;0.000000;1.000000;
6.000775;1.113641;5.048621;1.156386;1.113523;3.716225;1.153489;0.987315;3.534936;0.843514;0.986973;3.384276;0.830474;1.113591;1.113591;0.987150;0.987150;1.113591;0.987150;0.000000;1.000000;
6.052478;1.114784;5.051582;1.156335;1.114749;3.713046;1.153501;0.987320;3.549257;0.843899;0.986703;3.377980;0.831387;1.114769;1.114769;0.987021;0.987021;1.114769;0.987021;0.000000;1.000000;
6.104182;1.115924;5.050974;1.156346;1.115981;3.713707;1.153499;0.987245;3.569263;0.844406;0.986499;3.368829;0.832634;1.115948;1.115948;0.986884;0.986884;1.115948;0.986884;0.000000;1.000000;
6.155885;1.117073;5.047177;1.156412;1.117197;3.717787;1.153484;0.987077;3.590201;0.844903;0.986375;3.358873;0.833910;1.117125;1.117125;0.986737;0.986737;1.117125;0.986737;0.000000;1.000000;
6.207588;1.118249;5.042081;1.156499;1.118368;3.723241;1.153463;0.986800;3.603767;0.845228;0.986346;3.352445;0.834739;1.118299;1.118299;0.986580;0.986580;1.118299;0.986580;0.000000;1.000000;
6.247387;1.119163;5.039076;1.156549;1.119253;3.726452;1.153449;0.986568;3.608996;0.845345;0.986340;3.349867;0.835050;1.119201;1.119201;0.986458;0.986458;1.119201;0.986458;0.000000;1.000000;
6.283205;1.119989;5.037501;1.156576;1.120042;3.728132;1.153442;0.986358;3.609429;0.845354;0.986337;3.349650;0.835076;1.120012;1.120012;0.986348;0.986348;1.120012;0.986348;0.000000;1.000000;
6.319024;1.120817;5.037137;1.156582;1.120830;3.728519;1.153440;0.986160;3.606044;0.845279;0.986323;3.351325;0.834875;1.120822;1.120822;0.986239;0.986239;1.120822;0.986239;0.000000;1.000000;
6.354842;1.121642;5.037789;1.156571;1.121623;3.727821;1.153443;0.985990;3.599854;0.845143;0.986283;3.354387;0.834507;1.121634;1.121634;0.986132;0.986132;1.121634;0.986132;0.000000;1.000000;
6.390661;1.122465;5.038925;1.156552;1.122418;3.726613;1.153449;0.985833;3.592293;0.844967;0.986232;3.358028;0.834050;1.122445;1.122445;0.986026;0.986026;1.122445;0.986026;0.000000;1.000000;
6.426479;1.123284;5.040573;1.156524;1.123220;3.724853;1.153456;0.985700;3.583419;0.844757;0.986161;3.362268;0.833511;1.123257;1.123257;0.985923;0.985923;1.123257;0.985923;0.000000;1.000000;
6.498116;1.124910;5.043981;1.156467;1.124847;3.721209;1.153471;0.985517;3.566009;0.844331;0.985947;3.370398;0.832438;1.124884;1.124884;0.985725;0.985725;1.124884;0.985725;0.000000;1.000000;
6.540907;1.125872;5.045271;1.156445;1.125835;3.719828;1.153476;0.985467;3.558535;0.844141;0.985768;3.373812;0.831972;1.125856;1.125856;0.985613;0.985613;1.125856;0.985613;0.000000;1.000000;
6.583697;1.126833;5.045548;1.156440;1.126825;3.719531;1.153477;0.985431;3.554894;0.844046;0.985577;3.375450;0.831742;1.126829;1.126829;0.985502;0.985502;1.126829;0.985502;0.000000;1.000000;
6.626487;1.127795;5.044995;1.156450;1.127811;3.720123;1.153475;0.985394;3.555042;0.844050;0.985388;3.375384;0.831752;1.127802;1.127802;0.985391;0.985391;1.127802;0.985391;0.000000;1.000000;
6.712067;1.129729;5.043015;1.156483;1.129769;3.722243;1.153467;0.985281;3.561999;0.844229;0.985041;3.372237;0.832188;1.129746;1.129746;0.985165;0.985165;1.129746;0.985165;0.000000;1.000000;
6.787741;1.131450;5.041072;1.156516;1.131482;3.724320;1.153458;0.985115;3.573756;0.844523;0.984789;3.366811;0.832918;1.131463;1.131463;0.984957;0.984957;1.131463;0.984957;0.000000;1.000000;
6.863414;1.133177;5.040179;1.156531;1.133183;3.725274;1.153454;0.984873;3.585583;0.844809;0.984603;3.361243;0.833643;1.133179;1.133179;0.984742;0.984742;1.133179;0.984742;0.000000;1.000000;
6.915154;1.134358;5.040699;1.156522;1.134346;3.724718;1.153456;0.984663;3.590000;0.844913;0.984515;3.359130;0.833911;1.134353;1.134353;0.984591;0.984591;1.134353;0.984591;0.000000;1.000000;
6.966894;1.135536;5.041582;1.156507;1.135515;3.723775;1.153460;0.984450;3.590635;0.844928;0.984429;3.358829;0.833950;1.135527;1.135527;0.984440;0.984440;1.135527;0.984440;0.000000;1.000000;
7.018634;1.136710;5.042431;1.156493;1.136690;3.722867;1.153464;0.984249;3.588174;0.844871;0.984332;3.360014;0.833801;1.136701;1.136701;0.984289;0.984289;1.136701;0.984289;0.000000;1.000000;
7.122114;1.139054;5.043394;1.156477;1.139047;3.721837;1.153468;0.983899;3.579719;0.844669;0.984094;3.364023;0.833285;1.139051;1.139051;0.983994;0.983994;1.139051;0.983994;0.000000;1.000000;
7.215246;1.141164;5.043008;1.156483;1.141169;3.722250;1.153467;0.983672;3.572515;0.844493;0.983805;3.367390;0.832841;1.141166;1.141166;0.983736;0.983736;1.141166;0.983736;0.000000;1.000000;
7.296748;1.143013;5.042515;1.156492;1.143020;3.722777;1.153464;0.983489;3.570183;0.844435;0.983538;3.368473;0.832697;1.143016;1.143016;0.983513;0.983513;1.143016;0.983513;0.000000;1.000000;
7.378251;1.144864;5.042214;1.156497;1.144868;3.723100;1.153463;0.983298;3.571152;0.844460;0.983278;3.368032;0.832758;1.144866;1.144866;0.983288;0.983288;1.144866;0.983288;0.000000;1.000000;
7.459754;1.146715;5.042161;1.156498;1.146716;3.723156;1.153463;0.983088;3.573721;0.844523;0.983033;3.366837;0.832916;1.146716;1.146716;0.983061;0.983061;1.146716;0.983061;0.000000;1.000000;
7.541256;1.148566;5.042251;1.156496;1.148565;3.723060;1.153463;0.982859;3.576242;0.844584;0.982805;3.365650;0.833071;1.148566;1.148566;0.982833;0.982833;1.148566;0.982833;0.000000;1.000000;
7.704261;1.152266;5.042384;1.156494;1.152265;3.722917;1.153464;0.982381;3.577633;0.844618;0.982367;3.364999;0.833156;1.152266;1.152266;0.982374;0.982374;1.152266;0.982374;0.000000;1.000000;
7.850966;1.155596;5.042402;1.156494;1.155596;3.722898;1.153464;0.981959;3.577101;0.844605;0.981965;3.365249;0.833124;1.155596;1.155596;0.981962;0.981962;1.155596;0.981962;0.000000;1.000000;
7.997671;1.158926;5.042388;1.156494;1.158926;3.722914;1.153464;0.981546;3.576416;0.844589;0.981555;3.365570;0.833082;1.158926;1.158926;0.981551;0.981551;1.158926;0.981551;0.000000;1.000000;
8.291080;1.165586;5.042374;1.156494;1.165586;3.722928;1.153464;0.980728;3.576105;0.844581;0.980730;3.365715;0.833062;1.165586;1.165586;0.980729;0.980729;1.165586;0.980729;0.000000;1.000000;
8.584490;1.172247;5.042374;1.156494;1.172247;3.722928;1.153464;0.979907;3.576199;0.844583;0.979907;3.365671;0.833068;1.172247;1.172247;0.979907;0.979907;1.172247;0.979907;0.000000;1.000000;
9.171309;1.185567;5.042375;1.156494;1.185567;3.722927;1.153464;0.978263;3.576251;0.844584;0.978263;3.365647;0.833071;1.185567;1.185567;0.978263;0.978263;1.185567;0.978263;0.000000;1.000000;
10.000000;1.204378;5.042375;1.156494;1.204378;3.722927;1.153464;0.975941;3.576250;0.844584;0.975941;3.365647;0.833071;1.204378;1.204378;0.975941;0.975941;1.204378;0.975941;0.000000;1.000000;
