time;SM_generator_IRotorPu;SM_generator_IStatorPu;SM_generator_omegaPu;SM_generator_PGenPu;SM_generator_QGenPu;SM_generator_theta;SM_generator_UPu;SM_generator_efdPu;SM_generator_PmPu;
0.000000;2.678816;4.309139;1.000000;3.999998;2.000029;0.781862;1.037829;2.678811;0.892857;
0.015000;2.678817;4.309139;1.000000;3.999999;2.000027;0.781862;1.037829;2.678811;0.892857;
0.030000;2.678817;4.309139;1.000000;4.000000;2.000024;0.781862;1.037828;2.678811;0.892857;
0.060000;2.678818;4.309139;1.000000;4.000001;2.000021;0.781862;1.037828;2.678812;0.892857;
0.120000;2.678818;4.309138;1.000000;4.000002;2.000019;0.781862;1.037828;2.678814;0.892857;
0.240000;2.678817;4.309137;1.000000;4.000001;2.000018;0.781862;1.037828;2.678818;0.892857;
0.480000;2.678818;4.309137;1.000000;4.000000;2.000019;0.781861;1.037828;2.678823;0.892857;
0.960000;2.678820;4.309139;1.000000;4.000000;2.000024;0.781861;1.037828;2.678828;0.892857;
1.000000;2.678820;4.309139;1.000000;4.000000;2.000025;0.781861;1.037828;2.678828;0.892857;
1.000000;5.833677;22.210367;1.000000;0.000000;3.329778;0.781861;0.149920;2.678828;0.892857;
1.000020;5.834498;22.206166;1.000001;0.000000;3.328518;0.781861;0.149892;2.678762;0.892857;
1.000040;5.835319;22.201968;1.000003;0.000000;3.327260;0.781861;0.149863;2.678695;0.892857;
1.000081;5.836959;22.193578;1.000006;0.000000;3.324746;0.781861;0.149807;2.678563;0.892857;
1.000162;5.840231;22.176829;1.000011;-0.000000;3.319729;0.781861;0.149694;2.678298;0.892857;
1.000325;5.846748;22.143450;1.000023;0.000000;3.309743;0.781862;0.149468;2.677767;0.892857;
1.000650;5.859665;22.077174;1.000045;-0.000000;3.289961;0.781865;0.149021;2.676706;0.892857;
1.001301;5.885043;21.946530;1.000091;0.000000;3.251139;0.781879;0.148139;2.674578;0.892857;
1.002601;5.934020;21.692686;1.000182;0.000000;3.176365;0.781935;0.146426;2.670308;0.892857;
1.003902;5.980691;21.448499;1.000272;-0.000000;3.105257;0.782028;0.144777;2.666018;0.892857;
1.005203;6.025143;21.213617;1.000363;0.000000;3.037618;0.782158;0.143192;2.661710;0.892857;
1.006504;6.067464;20.987688;1.000454;0.000000;2.973261;0.782325;0.141667;2.657385;0.892857;
1.007805;6.107739;20.770367;1.000545;-0.000000;2.912005;0.782529;0.140200;2.653044;0.892857;
1.009105;6.146050;20.561320;1.000636;0.000000;2.853683;0.782770;0.138789;2.648688;0.892857;
1.010406;6.182479;20.360223;1.000726;0.000000;2.798136;0.783048;0.137432;2.644319;0.892857;
1.011707;6.217100;20.166763;1.000817;0.000000;2.745214;0.783364;0.136126;2.639936;0.892857;
1.013008;6.249988;19.980636;1.000908;-0.000000;2.694774;0.783716;0.134869;2.635541;0.892857;
1.014309;6.281213;19.801551;1.000999;0.000000;2.646685;0.784106;0.133660;2.631136;0.892857;
1.015609;6.310843;19.629225;1.001089;-0.000000;2.600819;0.784532;0.132497;2.626720;0.892857;
1.016910;6.338942;19.463387;1.001180;-0.000000;2.557058;0.784996;0.131378;2.622295;0.892857;
1.018211;6.365573;19.303774;1.001271;0.000000;2.515291;0.785497;0.130300;2.617862;0.892857;
1.019512;6.390796;19.150132;1.001362;0.000000;2.475411;0.786035;0.129263;2.613420;0.892857;
1.022114;6.437317;18.859584;1.001543;0.000000;2.400866;0.787222;0.127302;2.604519;0.892857;
1.024455;6.474921;18.616174;1.001706;-0.000000;2.339293;0.788417;0.125659;2.596488;0.892857;
1.026796;6.508797;18.388569;1.001869;-0.000000;2.282441;0.789732;0.124123;2.588443;0.892857;
1.029138;6.539202;18.175638;1.002033;-0.000000;2.229888;0.791167;0.122686;2.580386;0.892857;
1.031479;6.566386;17.976304;1.002196;0.000000;2.181246;0.792722;0.121340;2.572322;0.892857;
1.033821;6.590582;17.789557;1.002359;0.000000;2.136161;0.794398;0.120080;2.564253;0.892857;
1.036162;6.612006;17.614459;1.002522;0.000000;2.094317;0.796193;0.118898;2.556182;0.892857;
1.038504;6.630860;17.450133;1.002685;0.000000;2.055423;0.798108;0.117788;2.548110;0.892857;
1.040845;6.647331;17.295769;1.002848;0.000000;2.019220;0.800143;0.116746;2.540041;0.892857;
1.043187;6.661594;17.150615;1.003011;-0.000000;1.985469;0.802298;0.115767;2.531977;0.892857;
1.045528;6.673808;17.013973;1.003174;0.000000;1.953958;0.804573;0.114844;2.523919;0.892857;
1.050211;6.692839;16.763220;1.003500;0.000000;1.896787;0.809483;0.113152;2.507832;0.892857;
1.054426;6.704331;16.560752;1.003793;0.000000;1.851245;0.814311;0.111785;2.493392;0.892857;
1.058640;6.711213;16.377208;1.004087;0.000000;1.810437;0.819528;0.110546;2.478997;0.892857;
1.062855;6.714046;16.210126;1.004380;0.000000;1.773685;0.825133;0.109418;2.464653;0.892857;
1.067069;6.713346;16.057350;1.004673;0.000000;1.740410;0.831126;0.108387;2.450366;0.892857;
1.071284;6.709568;15.917001;1.004966;0.000000;1.710119;0.837506;0.107440;2.436140;0.892857;
1.075499;6.703109;15.787442;1.005258;0.000000;1.682392;0.844275;0.106565;2.421980;0.892857;
1.079713;6.694318;15.667258;1.005551;-0.000000;1.656875;0.851431;0.105754;2.407888;0.892857;
1.083928;6.683500;15.555227;1.005844;-0.000000;1.633264;0.858975;0.104998;2.393869;0.892857;
1.088143;6.670920;15.450293;1.006136;-0.000000;1.611303;0.866906;0.104289;2.379925;0.892857;
1.096572;6.641596;15.257512;1.006721;0.000000;1.571344;0.883929;0.102988;2.352269;0.892857;
1.105001;6.607626;15.083921;1.007306;0.000000;1.535792;0.902501;0.101816;2.324931;0.892857;
1.113430;6.570120;14.925130;1.007890;0.000000;1.503627;0.922621;0.100745;2.297917;0.892857;
1.121859;6.529970;14.777670;1.008474;0.000000;1.474062;0.944287;0.099749;2.271234;0.892857;
1.130289;6.487870;14.639026;1.009057;0.000000;1.446532;0.967499;0.098813;2.244883;0.892857;
1.138718;6.444354;14.507271;1.009640;-0.000000;1.420611;0.992255;0.097924;2.218865;0.892857;
1.147147;6.399829;14.380948;1.010223;-0.000000;1.395979;1.018555;0.097071;2.193180;0.892857;
1.155576;6.354604;14.258956;1.010806;0.000000;1.372395;1.046398;0.096248;2.167826;0.892857;
1.164006;6.308913;14.140459;1.011388;0.000000;1.349680;1.075784;0.095448;2.142801;0.892857;
1.172435;6.262934;14.024818;1.011970;0.000000;1.327695;1.106710;0.094668;2.118102;0.892857;
1.180864;6.216801;13.911548;1.012551;0.000000;1.306335;1.139177;0.093903;2.093725;0.892857;
1.189293;6.170617;13.800276;1.013132;-0.000000;1.285521;1.173183;0.093152;2.069667;0.892857;
1.197723;6.124459;13.690713;1.013713;0.000000;1.265190;1.208728;0.092412;2.045924;0.892857;
1.214581;6.032487;13.475499;1.014874;0.000000;1.225726;1.284428;0.090960;1.999361;0.892857;
1.231439;5.941136;13.265576;1.016033;0.000000;1.187835;1.366272;0.089543;1.954007;0.892857;
1.248298;5.850587;13.059788;1.017191;-0.000000;1.151267;1.454252;0.088154;1.909833;0.892857;
1.265156;5.760954;12.857285;1.018348;0.000000;1.115841;1.548361;0.086787;1.866805;0.892857;
1.282015;5.672308;12.657860;1.019503;0.000000;1.081495;1.648593;0.085441;1.824892;0.892857;
1.296000;5.599550;12.493870;1.020461;0.000000;1.053653;1.736382;0.084334;1.790945;0.892857;
1.296000;5.542011;18.858826;1.020461;9.680505;-8.574679;1.736382;0.685728;1.790945;0.892857;
1.296015;5.542239;18.857124;1.020459;9.680779;-8.573905;1.736481;0.685774;1.791039;0.892857;
1.296031;5.542467;18.855422;1.020458;9.681053;-8.573131;1.736581;0.685819;1.791132;0.892857;
1.296062;5.542923;18.852023;1.020455;9.681603;-8.571583;1.736780;0.685910;1.791318;0.892857;
1.296124;5.543837;18.845236;1.020449;9.682704;-8.568488;1.737179;0.686092;1.791692;0.892857;
1.296248;5.545666;18.831713;1.020436;9.684918;-8.562297;1.737975;0.686455;1.792439;0.892857;
1.296496;5.549336;18.804870;1.020412;9.689392;-8.549918;1.739567;0.687178;1.793934;0.892857;
1.296992;5.556715;18.751993;1.020364;9.698518;-8.525170;1.742744;0.688608;1.796931;0.892857;
1.297984;5.571628;18.649422;1.020267;9.717452;-8.475747;1.749077;0.691414;1.802943;0.892857;
1.299968;5.602022;18.456595;1.020072;9.757873;-8.377378;1.761651;0.696806;1.815046;0.892857;
1.301953;5.633107;18.279523;1.019876;9.801280;-8.280072;1.774103;0.701912;1.827246;0.892857;
1.303937;5.664796;18.117375;1.019678;9.847240;-8.184245;1.786432;0.706741;1.839534;0.892857;
1.305922;5.697004;17.969333;1.019479;9.895359;-8.090248;1.798637;0.711303;1.851905;0.892857;
1.307906;5.729649;17.834596;1.019277;9.945267;-7.998381;1.810717;0.715606;1.864349;0.892857;
1.309890;5.762653;17.712382;1.019074;9.996623;-7.908897;1.822671;0.719660;1.876860;0.892857;
1.311875;5.795943;17.601939;1.018870;10.049107;-7.822011;1.834498;0.723473;1.889431;0.892857;
1.313859;5.829449;17.502539;1.018663;10.102426;-7.737899;1.846197;0.727056;1.902054;0.892857;
1.315843;5.863107;17.413481;1.018455;10.156304;-7.656705;1.857766;0.730417;1.914724;0.892857;
1.319812;5.930568;17.263508;1.018032;10.265053;-7.503169;1.880511;0.736519;1.940170;0.892857;
1.323384;5.991227;17.157434;1.017645;10.362482;-7.375852;1.900526;0.741337;1.963171;0.892857;
1.326956;6.051519;17.075205;1.017252;10.458421;-7.258974;1.920104;0.745568;1.986232;0.892857;
1.330528;6.111208;17.013728;1.016853;10.551779;-7.152676;1.939237;0.749253;2.009326;0.892857;
1.334100;6.170067;16.970188;1.016449;10.641795;-7.056824;1.957920;0.752435;2.032428;0.892857;
1.337672;6.227889;16.942035;1.016039;10.727845;-6.971161;1.976146;0.755157;2.055513;0.892857;
1.341243;6.284496;16.926936;1.015623;10.809388;-6.895351;1.993909;0.757456;2.078560;0.892857;
1.344815;6.339732;16.922794;1.015203;10.885998;-6.828987;2.011202;0.759371;2.101548;0.892857;
1.348387;6.393459;16.927735;1.014778;10.957356;-6.771600;2.028022;0.760936;2.124460;0.892857;
1.351959;6.445557;16.940087;1.014348;11.023234;-6.722685;2.044362;0.762185;2.147280;0.892857;
1.355531;6.495925;16.958364;1.013915;11.083483;-6.681708;2.060218;0.763148;2.169992;0.892857;
1.362675;6.591055;17.007454;1.013037;11.187837;-6.620423;2.090456;0.764366;2.215035;0.892857;
1.369818;6.678378;17.066062;1.012147;11.269318;-6.584216;2.118710;0.764781;2.259520;0.892857;
1.376962;6.757606;17.127779;1.011248;11.328757;-6.568954;2.144957;0.764576;2.303386;0.892857;
1.384106;6.828550;17.187685;1.010342;11.367656;-6.570538;2.169180;0.763916;2.346591;0.892857;
1.391250;6.891115;17.241855;1.009432;11.387738;-6.585128;2.191366;0.762948;2.389106;0.892857;
1.398393;6.945309;17.287429;1.008519;11.391038;-6.609201;2.211507;0.761800;2.430916;0.892857;
1.405537;6.991205;17.322341;1.007606;11.379724;-6.639591;2.229601;0.760582;2.472019;0.892857;
1.412681;7.028929;17.345136;1.006694;11.356000;-6.673488;2.245647;0.759390;2.512421;0.892857;
1.419825;7.058645;17.354818;1.005785;11.322026;-6.708426;2.259651;0.758303;2.552139;0.892857;
1.426968;7.080538;17.350734;1.004879;11.279862;-6.742261;2.271619;0.757391;2.591196;0.892857;
1.434112;7.094800;17.332477;1.003979;11.231423;-6.773139;2.281561;0.756709;2.629622;0.892857;
1.441256;7.101629;17.299815;1.003083;11.178443;-6.799468;2.289488;0.756307;2.667450;0.892857;
1.448400;7.101211;17.252626;1.002194;11.122454;-6.819886;2.295413;0.756223;2.704718;0.892857;
1.455543;7.093716;17.190858;1.001311;11.064769;-6.833234;2.299350;0.756489;2.741467;0.892857;
1.462687;7.079300;17.114485;1.000434;11.006474;-6.838524;2.301312;0.757132;2.777740;0.892857;
1.469831;7.058091;17.023489;0.999564;10.948420;-6.834918;2.301314;0.758173;2.813583;0.892857;
1.476975;7.030190;16.917830;0.998700;10.891222;-6.821703;2.299370;0.759627;2.849042;0.892857;
1.484118;6.995676;16.797434;0.997843;10.835258;-6.798274;2.295495;0.761508;2.884163;0.892857;
1.491262;6.954591;16.662186;0.996992;10.780672;-6.764116;2.289702;0.763824;2.918995;0.892857;
1.498406;6.906949;16.511914;0.996146;10.727376;-6.718792;2.282006;0.766583;2.953585;0.892857;
1.505550;6.852742;16.346395;0.995307;10.675056;-6.661936;2.272419;0.769788;2.987979;0.892857;
1.512693;6.791925;16.165346;0.994474;10.623172;-6.593242;2.260955;0.773439;3.022227;0.892857;
1.526981;6.650240;15.755584;0.992824;10.518013;-6.419148;2.232466;0.782078;3.090523;0.892857;
1.539840;6.499264;15.329834;0.991362;10.414957;-6.220274;2.200543;0.791338;3.151940;0.892857;
1.552698;6.325247;14.847795;0.989922;10.295827;-5.981137;2.162767;0.801941;3.213573;0.892857;
1.565557;6.127325;14.305805;0.988512;10.149624;-5.702687;2.119242;0.813794;3.275633;0.892857;
1.578416;5.904876;13.701301;0.987138;9.965058;-5.386588;2.070103;0.826764;3.338316;0.892857;
1.591275;5.657342;13.032213;0.985811;9.729983;-5.035787;2.015522;0.840678;3.401786;0.892857;
1.604133;5.384527;12.297246;0.984544;9.431895;-4.654891;1.955716;0.855315;3.466169;0.892857;
1.616992;5.088168;11.498506;0.983352;9.061718;-4.249172;1.890944;0.870418;3.531545;0.892857;
1.629851;4.767117;10.634721;0.982253;8.605808;-3.828038;1.821555;0.885665;3.597945;0.892857;
1.640550;4.484168;9.871293;0.981425;8.157804;-3.473135;1.760627;0.898197;3.653947;0.892857;
1.640550;4.484112;9.871313;0.981425;8.158077;-3.472761;1.760627;0.898206;3.653947;0.892857;
1.640663;4.481042;9.863013;0.981416;8.152992;-3.468987;1.759968;0.898337;3.654541;0.892857;
1.640775;4.477970;9.854716;0.981408;8.147909;-3.465211;1.759308;0.898469;3.655134;0.892857;
1.641001;4.471822;9.838112;0.981391;8.137722;-3.457658;1.757989;0.898732;3.656318;0.892857;
1.641453;4.459509;9.804853;0.981358;8.117260;-3.442558;1.755347;0.899258;3.658679;0.892857;
1.642356;4.434812;9.738140;0.981292;8.075990;-3.412372;1.750050;0.900307;3.663365;0.892857;
1.644162;4.385140;9.603941;0.981163;7.992064;-3.352082;1.739399;0.902398;3.672601;0.892857;
1.647773;4.284720;9.332558;0.980912;7.818681;-3.231961;1.717884;0.906540;3.690521;0.892857;
1.654997;4.079911;8.778775;0.980445;7.450064;-2.994639;1.674050;0.914638;3.724154;0.892857;
1.662221;3.870349;8.211600;0.980027;7.052850;-2.762861;1.629222;0.922439;3.754850;0.892857;
1.676668;3.441271;7.049298;0.979358;6.180884;-2.326308;1.537209;0.936855;3.807582;0.892857;
1.689671;3.048269;5.983387;0.978957;5.319341;-1.973587;1.452249;0.948236;3.845369;0.892857;
1.702674;2.655479;4.918675;0.978760;4.405298;-1.670189;1.366085;0.957836;3.874378;0.892857;
1.715676;2.269381;3.878510;0.978778;3.463050;-1.424589;1.279569;0.965479;3.895119;0.892857;
1.728679;1.896936;2.892870;0.979012;2.519855;-1.241859;1.193575;0.971094;3.908224;0.892857;
1.741682;1.544264;2.008646;0.979461;1.603437;-1.123483;1.108976;0.974718;3.914436;0.892857;
1.754684;1.216915;1.329782;0.980113;0.739896;-1.067095;1.026619;0.976486;3.914592;0.892857;
1.767687;0.919051;1.093783;0.980955;-0.048363;-1.067115;0.947303;0.976620;3.909590;0.892857;
1.780690;0.654641;1.374323;0.981967;-0.743830;-1.115216;0.871755;0.975403;3.900365;0.892857;
1.793692;0.424690;1.845058;0.983125;-1.335396;-1.200328;0.800617;0.973178;3.887853;0.892857;
1.806695;0.229735;2.310161;0.984405;-1.817907;-1.311311;0.734436;0.970278;3.872959;0.892857;
1.819698;0.069447;2.709997;0.985782;-2.191557;-1.436961;0.673656;0.967029;3.856527;0.892857;
1.832700;-0.058476;3.027325;0.987231;-2.460968;-1.566949;0.618622;0.963716;3.839321;0.892857;
1.845703;-0.156389;3.259255;0.988729;-2.633737;-1.692646;0.569583;0.960573;3.821999;0.892857;
1.858706;-0.225600;3.408689;0.990255;-2.719191;-1.806903;0.526698;0.957787;3.805105;0.892857;
1.871709;-0.270300;3.481855;0.991789;-2.728088;-1.904124;0.490044;0.955492;3.789062;0.892857;
1.884711;-0.296172;3.487174;0.993317;-2.671158;-1.981522;0.459627;0.953748;3.774177;0.892857;
1.897714;-0.299813;3.432306;0.994825;-2.556835;-2.037757;0.435394;0.952577;3.760643;0.892857;
1.910717;-0.280210;3.324374;0.996297;-2.394348;-2.069732;0.417231;0.952034;3.748554;0.892857;
1.923719;-0.263388;3.176150;0.997727;-2.196227;-2.078601;0.404987;0.952066;3.737917;0.892857;
1.936722;-0.243979;2.998895;0.999112;-1.963906;-2.073941;0.398487;0.952434;3.728671;0.892857;
1.949725;-0.144144;2.784938;1.000430;-1.689885;-2.047679;0.397491;0.953321;3.720699;0.892857;
1.958768;-0.129943;2.630782;1.001310;-1.486605;-2.022398;0.399936;0.954088;3.715842;0.892857;
1.967812;-0.084305;2.472311;1.002158;-1.281635;-1.983389;0.404838;0.955157;3.711474;0.892857;
1.976856;-0.035658;2.313537;1.002973;-1.067976;-1.937760;0.412103;0.956360;3.707531;0.892857;
1.994944;0.076221;2.011784;1.004495;-0.619824;-1.827321;0.433186;0.959139;3.700560;0.892857;
2.013031;0.204705;1.770704;1.005870;-0.144603;-1.697702;0.462449;0.962244;3.694461;0.892857;
2.031119;0.350260;1.649709;1.007090;0.354258;-1.552991;0.499062;0.965554;3.688766;0.892857;
2.049207;0.513615;1.700488;1.008149;0.874403;-1.396578;0.542137;0.968974;3.683051;0.892857;
2.067294;0.694758;1.928524;1.009041;1.413970;-1.231867;0.590746;0.972410;3.676960;0.892857;
2.085382;0.893596;2.294688;1.009761;1.971181;-1.062083;0.643927;0.975776;3.670214;0.892857;
2.103470;1.109496;2.753175;1.010304;2.543975;-0.890503;0.700690;0.978990;3.662615;0.892857;
2.121557;1.340525;3.270295;1.010667;3.129414;-0.720687;0.760019;0.981969;3.654045;0.892857;
2.139645;1.584122;3.823143;1.010845;3.723045;-0.556363;0.820880;0.984631;3.644457;0.892857;
2.157733;1.837518;4.395012;1.010838;4.318900;-0.401088;0.882225;0.986910;3.633877;0.892857;
2.175820;2.095982;4.972189;1.010647;4.909455;-0.258352;0.943007;0.988749;3.622391;0.892857;
2.193908;2.352999;5.541241;1.010276;5.484867;-0.131400;1.002195;0.990111;3.610142;0.892857;
2.211996;2.606117;6.088565;1.009729;6.033830;-0.021360;1.058780;0.991016;3.597317;0.892857;
2.230083;2.855340;6.603600;1.009013;6.547341;0.072925;1.111787;0.991542;3.584135;0.892857;
2.248171;3.080858;7.076686;1.008150;7.016233;0.148533;1.160331;0.991679;3.570835;0.892857;
2.266259;3.253176;7.485312;1.007168;7.418425;0.200450;1.203666;0.991426;3.557659;0.892857;
2.284346;3.447338;7.808013;1.006040;7.737169;0.255057;1.240991;0.991465;3.544830;0.892857;
2.296089;3.566475;8.006028;1.005255;7.937672;0.327516;1.261764;0.992305;3.536751;0.892857;
2.307832;3.657212;8.157400;1.004437;8.086646;0.351758;1.279601;0.992264;3.528919;0.892857;
2.319575;3.733819;8.273711;1.003592;8.201466;0.373736;1.294382;0.992297;3.521358;0.892857;
2.331318;3.795597;8.353093;1.002727;8.280855;0.396784;1.306017;0.992489;3.514083;0.892857;
2.354803;3.873631;8.397632;1.000973;8.330959;0.452822;1.319606;0.993525;3.500395;0.892857;
2.378289;3.891122;8.290218;0.999229;8.236080;0.524691;1.320328;0.995484;3.487725;0.892857;
2.401775;3.850189;8.036107;0.997551;7.999314;0.613684;1.308516;0.998346;3.475775;0.892857;
2.425260;3.754955;7.646253;0.995995;7.627649;0.717920;1.284837;1.001976;3.464135;0.892857;
2.448746;3.612108;7.137838;0.994615;7.133096;0.830013;1.250444;1.006078;3.452273;0.892857;
2.472232;3.430016;6.534102;0.993457;6.534040;0.942071;1.206784;1.010331;3.439692;0.892857;
2.495717;3.218941;5.862846;0.992561;5.854746;1.043562;1.155636;1.014358;3.425973;0.892857;
2.519203;2.989921;5.154992;0.991952;5.124975;1.124103;1.098985;1.017811;3.410853;0.892857;
2.542689;2.754782;4.444132;0.991644;4.379623;1.177060;1.038987;1.020455;3.394268;0.892857;
2.563826;2.546866;3.827670;0.991624;3.724027;1.198181;0.983857;1.022041;3.378195;0.892857;
2.584963;2.350206;3.256546;0.991839;3.109674;1.193879;0.929346;1.022857;3.361284;0.892857;
2.606100;2.171023;2.749054;0.992267;2.558529;1.167303;0.876944;1.022983;3.343881;0.892857;
2.627237;2.013958;2.318396;0.992884;2.087490;1.123644;0.827976;1.022558;3.326392;0.892857;
2.648374;1.881888;1.971875;0.993657;1.707605;1.069289;0.783574;1.021753;3.309243;0.892857;
2.669511;1.776273;1.711224;0.994552;1.424116;1.011436;0.744656;1.020756;3.292830;0.892857;
2.690648;1.697089;1.533422;0.995533;1.237146;0.956322;0.711908;1.019730;3.277487;0.892857;
2.711785;1.643639;1.433339;0.996565;1.142850;0.909035;0.685785;1.018804;3.263458;0.892857;
2.732923;1.614562;1.406236;0.997615;1.134468;0.873265;0.666521;1.018069;3.250887;0.892857;
2.754060;1.608027;1.448567;0.998654;1.203418;0.851204;0.654143;1.017578;3.239816;0.892857;
2.775197;1.622233;1.556649;0.999655;1.340201;0.843693;0.648491;1.017347;3.230197;0.892857;
2.796334;1.655318;1.724904;1.000595;1.534984;0.850502;0.649241;1.017366;3.221909;0.892857;
2.817471;1.705387;1.945458;1.001454;1.778030;0.870552;0.655928;1.017606;3.214777;0.892857;
2.838608;1.770757;2.209065;1.002217;2.059968;0.902226;0.667969;1.018025;3.208599;0.892857;
2.859745;1.849657;2.506083;1.002870;2.371834;0.943613;0.684690;1.018580;3.203162;0.892857;
2.880882;1.940225;2.827121;1.003406;2.705094;0.992648;0.705339;1.019225;3.198258;0.892857;
2.902019;2.040567;3.163314;1.003816;3.051619;1.047282;0.729117;1.019920;3.193701;0.892857;
2.923157;2.148509;3.506294;1.004099;3.403567;1.105571;0.755190;1.020629;3.189333;0.892857;
2.944294;2.261689;3.848156;1.004254;3.753357;1.165745;0.782713;1.021326;3.185027;0.892857;
2.965431;2.377542;4.181384;1.004283;4.093629;1.226266;0.810846;1.021994;3.180689;0.892857;
2.986568;2.493313;4.498825;1.004190;4.417253;1.285882;0.838772;1.022625;3.176257;0.892857;
3.007705;2.606163;4.793728;1.003983;4.717415;1.343654;0.865714;1.023220;3.171696;0.892857;
3.028842;2.713250;5.059827;1.003672;4.987722;1.398969;0.890953;1.023790;3.166988;0.892857;
3.049979;2.811848;5.291483;1.003269;5.222374;1.451523;0.913838;1.024352;3.162135;0.892857;
3.071116;2.899465;5.483844;1.002787;5.416337;1.501279;0.933806;1.024928;3.157141;0.892857;
3.092253;2.973947;5.633031;1.002243;5.565529;1.548387;0.950391;1.025541;3.152014;0.892857;
3.113391;3.033581;5.736301;1.001652;5.666992;1.593088;0.963233;1.026211;3.146757;0.892857;
3.134528;3.077164;5.792193;1.001033;5.719024;1.635609;0.972086;1.026954;3.141367;0.892857;
3.155665;3.104053;5.800634;1.000403;5.721294;1.676066;0.976823;1.027775;3.135831;0.892857;
3.176802;3.114195;5.762984;0.999781;5.674898;1.714390;0.977433;1.028669;3.130127;0.892857;
3.219076;3.088761;5.568625;0.998647;5.455082;1.782291;0.967238;1.030570;3.118068;0.892857;
3.257123;3.020485;5.280403;0.997806;5.133919;1.831732;0.946461;1.032290;3.106389;0.892857;
3.295170;2.921208;4.922555;0.997199;4.734476;1.866183;0.917209;1.033812;3.093876;0.892857;
3.333216;2.804574;4.536138;0.996864;4.300568;1.883074;0.882466;1.034970;3.080632;0.892857;
3.367459;2.695650;4.195679;0.996801;3.915825;1.883332;0.849018;1.035633;3.068282;0.892857;
3.401701;2.592841;3.889996;0.996952;3.568817;1.871560;0.816009;1.035936;3.055818;0.892857;
3.432519;2.511445;3.660367;0.997249;3.307942;1.853784;0.788358;1.035952;3.044766;0.892857;
3.463336;2.444943;3.484614;0.997668;3.109292;1.832977;0.764091;1.035800;3.034133;0.892857;
3.494154;2.396049;3.367951;0.998176;2.979638;1.812694;0.744228;1.035558;3.024132;0.892857;
3.524972;2.365438;3.311292;0.998733;2.919895;1.796300;0.729443;1.035302;3.014921;0.892857;
3.555790;2.352986;3.312040;0.999305;2.926185;1.786185;0.720022;1.035092;3.006572;0.892857;
3.586608;2.358086;3.365396;0.999857;2.991866;1.783324;0.715951;1.034954;2.999092;0.892857;
3.617426;2.378927;3.464283;1.000361;3.107381;1.788275;0.716916;1.034907;2.992421;0.892857;
3.648244;2.413396;3.600001;1.000793;3.261805;1.800671;0.722354;1.034951;2.986455;0.892857;
3.679062;2.458935;3.762641;1.001137;3.443440;1.819566;0.731500;1.035077;2.981061;0.892857;
3.709880;2.512706;3.941681;1.001380;3.640455;1.843713;0.743454;1.035271;2.976097;0.892857;
3.740698;2.571645;4.126522;1.001518;3.841354;1.871729;0.757235;1.035521;2.971425;0.892857;
3.771516;2.632569;4.307003;1.001552;4.035374;1.902255;0.771843;1.035815;2.966923;0.892857;
3.802333;2.692305;4.473853;1.001487;4.212839;1.934043;0.786306;1.036148;2.962487;0.892857;
3.833151;2.747783;4.619042;1.001334;4.365457;1.965933;0.799745;1.036514;2.958036;0.892857;
3.863969;2.796425;4.736197;1.001108;4.486609;1.997170;0.811378;1.036917;2.953502;0.892857;
3.894787;2.835950;4.820674;1.000827;4.571526;2.026964;0.820594;1.037354;2.948834;0.892857;
3.925605;2.864734;4.870116;1.000515;4.617962;2.054252;0.826962;1.037811;2.943995;0.892857;
3.956423;2.882250;4.884992;1.000189;4.626311;2.079163;0.830299;1.038292;2.938961;0.892857;
3.987241;2.888575;4.867161;0.999868;4.598639;2.101175;0.830580;1.038784;2.933717;0.892857;
4.018059;2.883797;4.819118;0.999568;4.537581;2.119962;0.827874;1.039273;2.928256;0.892857;
4.079695;2.849679;4.663292;0.999109;4.350318;2.144899;0.815545;1.040112;2.916771;0.892857;
4.129945;2.804420;4.499553;0.998897;4.157530;2.153937;0.800356;1.040628;2.906983;0.892857;
4.180195;2.753492;4.333710;0.998848;3.963766;2.153888;0.783164;1.040949;2.897056;0.892857;
4.225421;2.709720;4.202397;0.998935;3.811311;2.148201;0.767885;1.041079;2.888218;0.892857;
4.270646;2.673496;4.103060;0.999123;3.697038;2.139831;0.754487;1.041088;2.879692;0.892857;
4.315872;2.648576;4.043857;0.999381;3.630161;2.131673;0.744153;1.041027;2.871653;0.892857;
4.361097;2.636174;4.026700;0.999670;3.612590;2.125563;0.737586;1.040931;2.864213;0.892857;
4.406322;2.636658;4.049242;0.999956;3.640694;2.123320;0.734979;1.040845;2.857414;0.892857;
4.451548;2.648786;4.104744;1.000206;3.705805;2.125719;0.736062;1.040795;2.851230;0.892857;
4.496773;2.670081;4.183492;1.000397;3.796156;2.132552;0.740180;1.040792;2.845584;0.892857;
4.541999;2.697426;4.274390;1.000513;3.898748;2.143125;0.746416;1.040840;2.840361;0.892857;
4.587224;2.727201;4.366111;1.000552;4.000755;2.156286;0.753727;1.040936;2.835438;0.892857;
4.632449;2.756324;4.448697;1.000517;4.091062;2.171070;0.761064;1.041080;2.830694;0.892857;
4.677675;2.781557;4.513757;1.000421;4.160650;2.186082;0.767500;1.041261;2.826022;0.892857;
4.722900;2.800615;4.555974;1.000282;4.203912;2.200277;0.772317;1.041468;2.821339;0.892857;
4.768126;2.811873;4.572605;1.000120;4.218190;2.212486;0.775068;1.041685;2.816587;0.892857;
4.813351;2.815122;4.565150;0.999957;4.205425;2.222158;0.775579;1.041899;2.811734;0.892857;
4.858576;2.811235;4.537865;0.999813;4.170319;2.229652;0.773980;1.042108;2.806776;0.892857;
4.903802;2.801067;4.495014;0.999703;4.118475;2.233251;0.770632;1.042266;2.801736;0.892857;
4.949027;2.786846;4.444041;0.999635;4.058138;2.233941;0.766062;1.042381;2.796658;0.892857;
4.994253;2.770689;4.391785;0.999614;3.997209;2.232071;0.760885;1.042444;2.791607;0.892857;
5.039478;2.754804;4.344591;0.999637;3.942924;2.228386;0.755723;1.042459;2.786653;0.892857;
5.084703;2.741007;4.307364;0.999697;3.900850;2.223665;0.751132;1.042432;2.781861;0.892857;
5.129929;2.730676;4.283315;0.999783;3.874509;2.218755;0.747546;1.042377;2.777289;0.892857;
5.175154;2.724705;4.274033;0.999883;3.865471;2.214463;0.745235;1.042306;2.772973;0.892857;
5.220380;2.723182;4.278634;0.999984;3.872419;2.211346;0.744310;1.042234;2.768930;0.892857;
5.265605;2.725524;4.294542;1.000074;3.892458;2.208978;0.744701;1.042155;2.765159;0.892857;
5.356056;2.738244;4.344955;1.000188;3.952190;2.209169;0.748081;1.042063;2.758280;0.892857;
5.437462;2.753841;4.395988;1.000210;4.011017;2.212507;0.752732;1.042034;2.752682;0.892857;
5.518867;2.767323;4.434637;1.000167;4.054756;2.216612;0.757052;1.042043;2.747417;0.892857;
5.600273;2.774986;4.452219;1.000085;4.073960;2.219995;0.759905;1.042078;2.742330;0.892857;
5.681679;2.775380;4.447274;0.999995;4.067617;2.221179;0.760772;1.042112;2.737329;0.892857;
5.763084;2.769413;4.425126;0.999926;4.042311;2.219398;0.759833;1.042119;2.732405;0.892857;
5.844490;2.759652;4.395125;0.999895;4.008970;2.214795;0.757773;1.042083;2.727608;0.892857;
5.925896;2.749252;4.367127;0.999904;3.978847;2.208241;0.755494;1.042002;2.723029;0.892857;
6.007302;2.740918;4.348501;0.999944;3.960133;2.200939;0.753805;1.041888;2.718753;0.892857;
6.088707;2.736218;4.342468;0.999998;3.956147;2.193996;0.753210;1.041757;2.714837;0.892857;
6.170113;2.735361;4.347985;1.000048;3.965317;2.188112;0.753810;1.041625;2.711293;0.892857;
6.251519;2.737401;4.360862;1.000080;3.982578;2.183478;0.755354;1.041505;2.708089;0.892857;
6.332925;2.740719;4.375552;1.000090;4.001483;2.179853;0.757372;1.041403;2.705166;0.892857;
6.414330;2.743607;4.386985;1.000078;4.016305;2.176719;0.759350;1.041316;2.702453;0.892857;
6.495736;2.744781;4.391940;1.000052;4.023542;2.173482;0.760889;1.041240;2.699891;0.892857;
6.577142;2.743682;4.389647;1.000023;4.022523;2.169659;0.761793;1.041166;2.697443;0.892857;
6.658547;2.740513;4.381575;0.999999;4.015090;2.164997;0.762091;1.041086;2.695096;0.892857;
6.821359;2.732164;4.362446;0.999986;3.997535;2.153818;0.762022;1.040893;2.690782;0.892857;
6.984170;2.724880;4.349545;1.000005;3.987626;2.141864;0.762179;1.040672;2.687065;0.892857;
7.146982;2.720976;4.347402;1.000031;3.989927;2.130782;0.763281;1.040448;2.683983;0.892857;
7.309793;2.719522;4.351156;1.000042;3.998495;2.121084;0.765084;1.040241;2.681465;0.892857;
7.472605;2.718253;4.353605;1.000036;4.005105;2.112312;0.766920;1.040056;2.679384;0.892857;
7.635416;2.715681;4.351155;1.000023;4.005883;2.103762;0.768320;1.039885;2.677633;0.892857;
7.798228;2.711886;4.345061;1.000014;4.002459;2.095084;0.769266;1.039718;2.676159;0.892857;
8.123850;2.704921;4.335334;1.000014;3.998140;2.078463;0.770985;1.039395;2.673977;0.892857;
8.416911;2.700313;4.330969;1.000019;3.998604;2.065220;0.772645;1.039130;2.672803;0.892857;
8.709972;2.696848;4.328509;1.000019;4.000481;2.053813;0.774308;1.038900;2.672195;0.892857;
9.296093;2.690747;4.322515;1.000012;4.001172;2.035254;0.776935;1.038529;2.671972;0.892857;
9.882214;2.685914;4.316961;1.000008;4.000356;2.021507;0.778774;1.038256;2.672633;0.892857;
10.468335;2.682611;4.313351;1.000006;4.000091;2.011866;0.780088;1.038065;2.673707;0.892857;
11.054456;2.680535;4.311204;1.000004;4.000171;2.005524;0.780996;1.037938;2.674876;0.892857;
11.640578;2.679259;4.309822;1.000002;4.000150;2.001613;0.781566;1.037860;2.675954;0.892857;
12.226699;2.678537;4.308991;1.000001;4.000078;1.999405;0.781891;1.037816;2.676856;0.892857;
13.398941;2.677964;4.308305;1.000000;4.000018;1.997583;0.782175;1.037780;2.678101;0.892857;
14.571184;2.678057;4.308358;1.000000;3.999998;1.997784;0.782165;1.037784;2.678747;0.892857;
15.000000;2.678192;4.308489;1.000000;3.999995;1.998169;0.782115;1.037791;2.678855;0.892857;
