time;GEN_generator_omegaPu;GEN_generator_PGenPu;GEN_generator_QGenPu;GEN_generator_UPu;GEN_generator_delta;LOAD_load_PPu;LOAD_load_QPu;OMEGA_REF_setPoint_setPoint;NETWORK_BUS_Upu_value;
0.000000;1.000000;1.000000;0.200000;1.000000;0.189988;1.000000;0.200000;1.000000;1.000000;
0.000001;1.000000;1.000000;0.200000;1.000000;0.189988;1.000000;0.200000;1.000000;1.000000;
0.000002;1.000000;1.000000;0.200000;1.000000;0.189988;1.000000;0.200000;1.000000;1.000000;
0.000004;1.000000;1.000000;0.200000;1.000000;0.189988;1.000000;0.200000;1.000000;1.000000;
0.000008;1.000000;1.000000;0.200000;1.000000;0.189988;1.000000;0.200000;1.000000;1.000000;
0.000016;1.000000;1.000000;0.200000;1.000000;0.189988;1.000000;0.200000;1.000000;1.000000;
0.000032;1.000000;1.000000;0.200000;1.000000;0.189988;1.000000;0.200000;1.000000;1.000000;
0.000064;1.000000;1.000000;0.200000;1.000000;0.189988;1.000000;0.200000;1.000000;1.000000;
0.000128;1.000000;1.000000;0.200000;1.000000;0.189988;1.000000;0.200000;1.000000;1.000000;
0.000256;1.000000;1.000000;0.200000;1.000000;0.189988;1.000000;0.200000;1.000000;1.000000;
0.000512;1.000000;1.000000;0.200000;1.000000;0.189988;1.000000;0.200000;1.000000;1.000000;
0.001024;1.000000;1.000000;0.200000;1.000000;0.189988;1.000000;0.200000;1.000000;1.000000;
0.002048;1.000000;1.000000;0.200000;1.000000;0.189988;1.000000;0.200000;1.000000;1.000000;
0.004096;1.000000;1.000000;0.200000;1.000000;0.189988;1.000000;0.200000;1.000000;1.000000;
0.008192;1.000000;1.000000;0.200000;1.000000;0.189988;1.000000;0.200000;1.000000;1.000000;
0.016384;1.000000;1.000000;0.200000;1.000000;0.189988;1.000000;0.200000;1.000000;1.000000;
0.032768;1.000000;1.000000;0.200000;1.000000;0.189988;1.000000;0.200000;1.000000;1.000000;
0.065536;1.000000;1.000000;0.200000;1.000000;0.189988;1.000000;0.200000;1.000000;1.000000;
0.131072;1.000000;1.000000;0.200000;1.000000;0.189988;1.000000;0.200000;1.000000;1.000000;
0.262144;1.000000;1.000000;0.200000;1.000000;0.189988;1.000000;0.200000;1.000000;1.000000;
0.500000;1.000000;1.000000;0.200000;1.000000;0.189988;1.000000;0.200000;1.000000;1.000000;
0.500000;1.000000;1.200000;0.199988;0.990593;0.189988;1.200000;0.200000;1.000000;0.990593;
0.500001;1.000000;1.200000;0.200000;0.990591;0.189988;1.200000;0.200000;1.000000;0.990591;
0.500002;1.000000;1.200000;0.200000;0.990591;0.189988;1.200000;0.200000;1.000000;0.990591;
0.500004;1.000000;1.200000;0.199999;0.990591;0.189988;1.200000;0.200000;1.000000;0.990591;
0.500008;1.000000;1.200000;0.200000;0.990591;0.189988;1.200000;0.200000;1.000000;0.990591;
0.500016;1.000000;1.200000;0.200000;0.990591;0.189988;1.200000;0.200000;1.000000;0.990591;
0.500032;0.999999;1.200000;0.200000;0.990591;0.189988;1.200000;0.200000;1.000000;0.990591;
0.500064;0.999999;1.200000;0.200000;0.990591;0.189988;1.200000;0.200000;1.000000;0.990591;
0.500128;0.999997;1.200000;0.200000;0.990591;0.189988;1.200000;0.200000;1.000000;0.990591;
0.500256;0.999995;1.200000;0.200000;0.990591;0.189988;1.200000;0.200000;1.000000;0.990591;
0.500512;0.999990;1.200000;0.200000;0.990591;0.189987;1.200000;0.200000;1.000000;0.990591;
0.501024;0.999980;1.200000;0.200000;0.990591;0.189985;1.200000;0.200000;1.000000;0.990591;
0.502048;0.999959;1.200000;0.200000;0.990591;0.189975;1.200000;0.200000;1.000000;0.990591;
0.504096;0.999918;1.200000;0.200000;0.990591;0.189936;1.200000;0.200000;1.000000;0.990591;
0.508192;0.999836;1.200000;0.200000;0.990591;0.189778;1.200000;0.200000;1.000000;0.990591;
0.516384;0.999673;1.200000;0.200000;0.990591;0.189146;1.200000;0.200000;1.000000;0.990591;
0.532768;0.999347;1.200000;0.200000;0.990591;0.186624;1.200000;0.200000;1.000000;0.990591;
0.565536;0.998698;1.200000;0.200000;0.990591;0.176565;1.200000;0.200000;1.000000;0.990591;
0.631072;0.997413;1.200000;0.200000;0.990591;0.136573;1.200000;0.200000;1.000000;0.990591;
0.696608;0.996144;1.200000;0.199994;0.990575;0.070316;1.200000;0.200000;1.000000;0.990575;
0.762144;0.994892;1.200000;0.199982;0.990543;-0.021881;1.200000;0.200000;1.000000;0.990543;
0.827680;0.993656;1.200000;0.199975;0.990529;-0.139686;1.200000;0.200000;1.000000;0.990529;
0.893216;0.992437;1.200000;0.199921;0.990577;-0.282768;1.200000;0.200000;1.000000;0.990577;
0.958752;0.991233;1.200000;0.199623;0.990796;-0.450798;1.200000;0.200000;1.000000;0.990796;
1.024288;0.990045;1.200000;0.198473;0.991397;-0.643451;1.200000;0.200000;1.000000;0.991397;
1.089824;0.988872;1.200000;0.194841;0.992795;-0.860406;1.200000;0.200000;1.000000;0.992795;
1.155360;0.987715;1.200000;0.184727;0.995777;-1.101348;1.200000;0.200000;1.000000;0.995777;
1.220896;0.986573;1.200000;0.159183;1.001654;-1.365964;1.200000;0.200000;1.000000;1.001654;
1.286432;0.985445;1.200000;0.099243;1.011816;-1.653945;1.200000;0.200000;1.000000;1.011816;
1.351968;0.984333;1.200000;-0.069557;1.027949;-1.964988;1.200000;0.200000;1.000000;1.027949;
1.368352;0.984057;1.200000;0.199995;0.990592;-2.046337;1.200000;0.200000;1.000000;0.990592;
1.376544;0.983919;1.200000;0.199973;0.990597;-2.087546;1.200000;0.200000;1.000000;0.990597;
1.392928;0.983645;1.200000;0.199888;0.990616;-2.171023;1.200000;0.200000;1.000000;0.990616;
1.425696;0.983098;1.200000;0.200000;0.990591;-2.342200;1.200000;0.200000;1.000000;0.990591;
1.491232;0.982016;1.200000;0.199993;0.990592;-2.701286;1.200000;0.200000;1.000000;0.990592;
1.556768;0.980948;1.200000;0.199960;0.990594;-3.082486;1.200000;0.200000;1.000000;0.990594;
1.589536;0.980419;1.200000;0.199996;0.990591;-3.281323;1.200000;0.200000;1.000000;0.990591;
1.655072;0.979372;1.200000;0.199957;0.990595;-3.695187;1.200000;0.200000;1.000000;0.990595;
1.720608;0.978338;1.200000;0.199876;0.990601;-4.130466;1.200000;0.200000;1.000000;0.990601;
1.753376;0.977827;1.200000;0.199987;0.990592;-4.356079;1.200000;0.200000;1.000000;0.990592;
1.818912;0.976813;1.200000;0.199987;0.990593;-4.822975;1.200000;0.200000;1.000000;0.990593;
1.851680;0.976311;1.200000;0.199986;0.990593;-5.064235;1.200000;0.200000;1.000000;0.990593;
1.917216;0.975318;1.200000;0.199973;0.990595;-5.562126;1.200000;0.200000;1.000000;0.990595;
1.949984;0.974826;1.200000;0.199976;0.990594;-5.818731;1.200000;0.200000;1.000000;0.990594;
2.015520;0.973851;1.200000;0.199948;0.990600;-6.347013;1.200000;0.200000;1.000000;0.990600;
2.048288;0.973369;1.200000;0.199962;0.990596;-6.618665;1.200000;0.200000;1.000000;0.990596;
2.113824;0.972413;1.200000;0.199907;0.990606;-7.176748;1.200000;0.200000;1.000000;0.990606;
2.146592;0.971940;1.200000;0.199940;0.990598;-7.463154;1.200000;0.200000;1.000000;0.990598;
2.212128;0.971003;1.200000;0.199841;0.990617;-8.050456;1.200000;0.200000;1.000000;0.990617;
2.244896;0.970540;1.200000;0.199911;0.990602;-8.351328;1.200000;0.200000;1.000000;0.990602;
2.310432;0.969621;1.200000;0.199961;0.990598;-8.967281;1.200000;0.200000;1.000000;0.990598;
2.343200;0.969166;1.200000;0.199872;0.990606;-9.282339;1.200000;0.200000;1.000000;0.990606;
2.408736;0.968266;1.200000;0.199929;0.990604;-9.926385;1.200000;0.200000;1.000000;0.990604;
2.441504;0.967820;1.200000;0.199979;0.990595;-10.255351;1.200000;0.200000;1.000000;0.990595;
2.507040;0.966936;1.200000;0.199880;0.990613;-10.926943;1.200000;0.200000;1.000000;0.990613;
2.539808;0.966499;1.200000;0.199967;0.990597;-11.269547;1.200000;0.200000;1.000000;0.990597;
2.605344;0.965633;1.200000;0.199804;0.990626;-11.968149;1.200000;0.200000;1.000000;0.990626;
2.638112;0.965204;1.200000;0.199949;0.990600;-12.324126;1.200000;0.200000;1.000000;0.990600;
2.654496;0.964991;1.200000;0.199993;0.990592;-12.503772;1.200000;0.200000;1.000000;0.990592;
2.687264;0.964567;1.200000;0.199977;0.990594;-12.866344;1.200000;0.200000;1.000000;0.990594;
2.752800;0.963726;1.200000;0.199896;0.990611;-13.604493;1.200000;0.200000;1.000000;0.990611;
2.785568;0.963310;1.200000;0.199910;0.990606;-13.980044;1.200000;0.200000;1.000000;0.990606;
2.801952;0.963102;1.200000;0.199989;0.990592;-14.169428;1.200000;0.200000;1.000000;0.990592;
2.834720;0.962690;1.200000;0.199964;0.990596;-14.551380;1.200000;0.200000;1.000000;0.990596;
2.900256;0.961874;1.200000;0.199800;0.990628;-15.327913;1.200000;0.200000;1.000000;0.990628;
2.933024;0.961470;1.200000;0.199851;0.990616;-15.722466;1.200000;0.200000;1.000000;0.990616;
2.949408;0.961269;1.200000;0.199984;0.990593;-15.921305;1.200000;0.200000;1.000000;0.990593;
2.982176;0.960868;1.200000;0.199946;0.990599;-16.322074;1.200000;0.200000;1.000000;0.990599;
2.998560;0.960669;1.200000;0.199996;0.990591;-16.524002;1.200000;0.200000;1.000000;0.990591;
3.031328;0.960273;1.200000;0.199939;0.990600;-16.930921;1.200000;0.200000;1.000000;0.990600;
3.047712;0.960076;1.200000;0.199995;0.990592;-17.135910;1.200000;0.200000;1.000000;0.990592;
3.080480;0.959683;1.200000;0.199931;0.990601;-17.548919;1.200000;0.200000;1.000000;0.990601;
3.096864;0.959488;1.200000;0.199994;0.990592;-17.756937;1.200000;0.200000;1.000000;0.990592;
3.129632;0.959099;1.200000;0.199922;0.990602;-18.175976;1.200000;0.200000;1.000000;0.990602;
3.146016;0.958906;1.200000;0.199994;0.990592;-18.386994;1.200000;0.200000;1.000000;0.990592;
3.178784;0.958521;1.200000;0.199912;0.990603;-18.812004;1.200000;0.200000;1.000000;0.990603;
3.195168;0.958330;1.200000;0.199993;0.990592;-19.025994;1.200000;0.200000;1.000000;0.990592;
3.227936;0.957949;1.200000;0.199902;0.990605;-19.456917;1.200000;0.200000;1.000000;0.990605;
3.244320;0.957759;1.200000;0.199992;0.990592;-19.673848;1.200000;0.200000;1.000000;0.990592;
3.277088;0.957382;1.200000;0.199891;0.990606;-20.110625;1.200000;0.200000;1.000000;0.990606;
3.293472;0.957194;1.200000;0.199991;0.990592;-20.330470;1.200000;0.200000;1.000000;0.990592;
3.326240;0.956821;1.200000;0.199879;0.990608;-20.773045;1.200000;0.200000;1.000000;0.990608;
3.342624;0.956635;1.200000;0.199990;0.990592;-20.995774;1.200000;0.200000;1.000000;0.990592;
3.375392;0.956265;1.200000;0.199865;0.990609;-21.444090;1.200000;0.200000;1.000000;0.990609;
3.391776;0.956081;1.200000;0.199989;0.990593;-21.669675;1.200000;0.200000;1.000000;0.990593;
3.424544;0.955714;1.200000;0.199987;0.990593;-22.123676;1.200000;0.200000;1.000000;0.990593;
3.440928;0.955532;1.200000;0.199987;0.990593;-22.352090;1.200000;0.200000;1.000000;0.990593;
3.473696;0.955169;1.200000;0.199836;0.990613;-22.811720;1.200000;0.200000;1.000000;0.990613;
3.490080;0.954989;1.200000;0.199986;0.990593;-23.042934;1.200000;0.200000;1.000000;0.990593;
3.522848;0.954630;1.200000;0.199983;0.990594;-23.508138;1.200000;0.200000;1.000000;0.990594;
3.539232;0.954451;1.200000;0.199985;0.990593;-23.742126;1.200000;0.200000;1.000000;0.990593;
3.572000;0.954095;1.200000;0.199981;0.990595;-24.212849;1.200000;0.200000;1.000000;0.990595;
3.588384;0.953918;1.200000;0.199983;0.990593;-24.449583;1.200000;0.200000;1.000000;0.990593;
3.621152;0.953566;1.200000;0.199978;0.990595;-24.925772;1.200000;0.200000;1.000000;0.990595;
3.637536;0.953391;1.200000;0.199981;0.990594;-25.165225;1.200000;0.200000;1.000000;0.990594;
3.670304;0.953042;1.200000;0.199975;0.990596;-25.646827;1.200000;0.200000;1.000000;0.990596;
3.686688;0.952869;1.200000;0.199979;0.990594;-25.888972;1.200000;0.200000;1.000000;0.990594;
3.719456;0.952523;1.200000;0.199972;0.990596;-26.375933;1.200000;0.200000;1.000000;0.990596;
3.735840;0.952351;1.200000;0.199977;0.990594;-26.620745;1.200000;0.200000;1.000000;0.990594;
3.768608;0.952009;1.200000;0.199968;0.990597;-27.113012;1.200000;0.200000;1.000000;0.990597;
3.784992;0.951839;1.200000;0.199975;0.990595;-27.360465;1.200000;0.200000;1.000000;0.990595;
3.817760;0.951501;1.200000;0.199964;0.990598;-27.857987;1.200000;0.200000;1.000000;0.990598;
3.834144;0.951332;1.200000;0.199973;0.990595;-28.108054;1.200000;0.200000;1.000000;0.990595;
3.866912;0.950997;1.200000;0.199959;0.990599;-28.610779;1.200000;0.200000;1.000000;0.990599;
3.883296;0.950830;1.200000;0.199970;0.990595;-28.863435;1.200000;0.200000;1.000000;0.990595;
3.916064;0.950498;1.200000;0.199954;0.990599;-29.371313;1.200000;0.200000;1.000000;0.990599;
3.932448;0.950333;1.200000;0.199968;0.990596;-29.626532;1.200000;0.200000;1.000000;0.990596;
3.965216;0.950004;1.200000;0.199949;0.990600;-30.139512;1.200000;0.200000;1.000000;0.990600;
3.981600;0.949840;1.200000;0.199965;0.990596;-30.397270;1.200000;0.200000;1.000000;0.990596;
4.014368;0.949515;1.200000;0.199943;0.990602;-30.915302;1.200000;0.200000;1.000000;0.990602;
4.030752;0.949353;1.200000;0.199962;0.990596;-31.175574;1.200000;0.200000;1.000000;0.990596;
4.063520;0.949031;1.200000;0.199937;0.990603;-31.698608;1.200000;0.200000;1.000000;0.990603;
4.079904;0.948870;1.200000;0.199959;0.990597;-31.961369;1.200000;0.200000;1.000000;0.990597;
4.112672;0.948551;1.200000;0.199930;0.990604;-32.489358;1.200000;0.200000;1.000000;0.990604;
4.129056;0.948392;1.200000;0.199956;0.990597;-32.754583;1.200000;0.200000;1.000000;0.990597;
4.161824;0.948076;1.200000;0.199922;0.990605;-33.287477;1.200000;0.200000;1.000000;0.990605;
4.178208;0.947919;1.200000;0.199952;0.990598;-33.555143;1.200000;0.200000;1.000000;0.990598;
4.210976;0.947606;1.200000;0.199914;0.990607;-34.092894;1.200000;0.200000;1.000000;0.990607;
4.227360;0.947450;1.200000;0.199949;0.990598;-34.362977;1.200000;0.200000;1.000000;0.990598;
4.260128;0.947140;1.200000;0.199905;0.990608;-34.905538;1.200000;0.200000;1.000000;0.990608;
4.276512;0.946986;1.200000;0.199945;0.990599;-35.178014;1.200000;0.200000;1.000000;0.990599;
4.309280;0.946679;1.200000;0.199896;0.990610;-35.725338;1.200000;0.200000;1.000000;0.990610;
4.325664;0.946526;1.200000;0.199941;0.990599;-36.000184;1.200000;0.200000;1.000000;0.990599;
4.358432;0.946222;1.200000;0.199886;0.990612;-36.552224;1.200000;0.200000;1.000000;0.990612;
4.374816;0.946071;1.200000;0.199937;0.990600;-36.829416;1.200000;0.200000;1.000000;0.990600;
4.407584;0.945770;1.200000;0.199875;0.990614;-37.386126;1.200000;0.200000;1.000000;0.990614;
4.423968;0.945620;1.200000;0.199933;0.990600;-37.665642;1.200000;0.200000;1.000000;0.990600;
4.456736;0.945322;1.200000;0.199864;0.990616;-38.226977;1.200000;0.200000;1.000000;0.990616;
4.473120;0.945174;1.200000;0.199928;0.990601;-38.508793;1.200000;0.200000;1.000000;0.990601;
4.505888;0.944879;1.200000;0.199851;0.990618;-39.074707;1.200000;0.200000;1.000000;0.990618;
4.522272;0.944732;1.200000;0.199923;0.990602;-39.358802;1.200000;0.200000;1.000000;0.990602;
4.555040;0.944440;1.200000;0.199838;0.990620;-39.929250;1.200000;0.200000;1.000000;0.990620;
4.571424;0.944295;1.200000;0.199918;0.990602;-40.215601;1.200000;0.200000;1.000000;0.990602;
4.604192;0.944005;1.200000;0.199824;0.990622;-40.790539;1.200000;0.200000;1.000000;0.990622;
4.620576;0.943861;1.200000;0.199913;0.990603;-41.079124;1.200000;0.200000;1.000000;0.990603;
4.653344;0.943575;1.200000;0.199810;0.990625;-41.658508;1.200000;0.200000;1.000000;0.990625;
4.669728;0.943432;1.200000;0.199908;0.990604;-41.949305;1.200000;0.200000;1.000000;0.990604;
4.702496;0.943148;1.200000;0.199794;0.990628;-42.533091;1.200000;0.200000;1.000000;0.990628;
4.718880;0.943007;1.200000;0.199902;0.990605;-42.826079;1.200000;0.200000;1.000000;0.990605;
4.751648;0.942726;1.200000;0.199778;0.990630;-43.414225;1.200000;0.200000;1.000000;0.990630;
4.768032;0.942587;1.200000;0.199896;0.990605;-43.709382;1.200000;0.200000;1.000000;0.990605;
4.800800;0.942308;1.200000;0.199760;0.990633;-44.301845;1.200000;0.200000;1.000000;0.990633;
4.817184;0.942170;1.200000;0.199890;0.990606;-44.599149;1.200000;0.200000;1.000000;0.990606;
4.849952;0.941895;1.200000;0.199969;0.990597;-45.195887;1.200000;0.200000;1.000000;0.990597;
4.866336;0.941757;1.200000;0.199884;0.990607;-45.495318;1.200000;0.200000;1.000000;0.990607;
4.899104;0.941485;1.200000;0.199966;0.990598;-46.096288;1.200000;0.200000;1.000000;0.990598;
4.915488;0.941349;1.200000;0.199876;0.990608;-46.397826;1.200000;0.200000;1.000000;0.990608;
4.948256;0.941079;1.200000;0.199962;0.990599;-47.002988;1.200000;0.200000;1.000000;0.990599;
4.964640;0.940944;1.200000;0.199870;0.990609;-47.306610;1.200000;0.200000;1.000000;0.990609;
4.997408;0.940677;1.200000;0.199958;0.990600;-47.915922;1.200000;0.200000;1.000000;0.990600;
5.013792;0.940544;1.200000;0.199863;0.990609;-48.221610;1.200000;0.200000;1.000000;0.990609;
5.046560;0.940279;1.200000;0.199954;0.990600;-48.835032;1.200000;0.200000;1.000000;0.990600;
5.062944;0.940147;1.200000;0.199855;0.990610;-49.142765;1.200000;0.200000;1.000000;0.990610;
5.095712;0.939885;1.200000;0.199950;0.990601;-49.760256;1.200000;0.200000;1.000000;0.990601;
5.112096;0.939755;1.200000;0.199848;0.990611;-50.070014;1.200000;0.200000;1.000000;0.990611;
5.144864;0.939495;1.200000;0.199945;0.990602;-50.691535;1.200000;0.200000;1.000000;0.990602;
5.161248;0.939366;1.200000;0.199840;0.990612;-51.003298;1.200000;0.200000;1.000000;0.990612;
5.194016;0.939109;1.200000;0.199940;0.990603;-51.628809;1.200000;0.200000;1.000000;0.990603;
5.210400;0.938981;1.200000;0.199832;0.990613;-51.942557;1.200000;0.200000;1.000000;0.990613;
5.243168;0.938726;1.200000;0.199934;0.990604;-52.572020;1.200000;0.200000;1.000000;0.990604;
5.259552;0.938599;1.200000;0.199824;0.990614;-52.887734;1.200000;0.200000;1.000000;0.990614;
5.292320;0.938347;1.200000;0.199928;0.990605;-53.521110;1.200000;0.200000;1.000000;0.990605;
5.308704;0.938222;1.200000;0.199982;0.990594;-53.838770;1.200000;0.200000;1.000000;0.990594;
5.341472;0.937972;1.200000;0.199922;0.990607;-54.476020;1.200000;0.200000;1.000000;0.990607;
5.357856;0.937848;1.200000;0.199981;0.990594;-54.795608;1.200000;0.200000;1.000000;0.990594;
5.390624;0.937601;1.200000;0.199915;0.990608;-55.436695;1.200000;0.200000;1.000000;0.990608;
5.407008;0.937478;1.200000;0.199980;0.990595;-55.758192;1.200000;0.200000;1.000000;0.990595;
5.439776;0.937233;1.200000;0.199908;0.990609;-56.403078;1.200000;0.200000;1.000000;0.990609;
5.456160;0.937111;1.200000;0.199978;0.990595;-56.726465;1.200000;0.200000;1.000000;0.990595;
5.488928;0.936869;1.200000;0.199901;0.990611;-57.375112;1.200000;0.200000;1.000000;0.990611;
5.505312;0.936748;1.200000;0.199977;0.990595;-57.700371;1.200000;0.200000;1.000000;0.990595;
5.538080;0.936508;1.200000;0.199893;0.990612;-58.352744;1.200000;0.200000;1.000000;0.990612;
5.554464;0.936388;1.200000;0.199975;0.990596;-58.679856;1.200000;0.200000;1.000000;0.990596;
5.587232;0.936151;1.200000;0.199885;0.990614;-59.335917;1.200000;0.200000;1.000000;0.990614;
5.603616;0.936032;1.200000;0.199973;0.990596;-59.664864;1.200000;0.200000;1.000000;0.990596;
5.636384;0.935797;1.200000;0.199876;0.990615;-60.324578;1.200000;0.200000;1.000000;0.990615;
5.652768;0.935680;1.200000;0.199972;0.990596;-60.655343;1.200000;0.200000;1.000000;0.990596;
5.685536;0.935447;1.200000;0.199867;0.990617;-61.318673;1.200000;0.200000;1.000000;0.990617;
5.701920;0.935331;1.200000;0.199970;0.990596;-61.651237;1.200000;0.200000;1.000000;0.990596;
5.734688;0.935100;1.200000;0.199857;0.990619;-62.318149;1.200000;0.200000;1.000000;0.990619;
5.751072;0.934985;1.200000;0.199968;0.990597;-62.652495;1.200000;0.200000;1.000000;0.990597;
5.783840;0.934757;1.200000;0.199847;0.990621;-63.322953;1.200000;0.200000;1.000000;0.990621;
5.800224;0.934643;1.200000;0.199966;0.990597;-63.659063;1.200000;0.200000;1.000000;0.990597;
5.832992;0.934417;1.200000;0.199836;0.990623;-64.333033;1.200000;0.200000;1.000000;0.990623;
5.849376;0.934304;1.200000;0.199964;0.990598;-64.670891;1.200000;0.200000;1.000000;0.990598;
5.882144;0.934080;1.200000;0.199825;0.990625;-65.348338;1.200000;0.200000;1.000000;0.990625;
5.898528;0.933969;1.200000;0.199962;0.990598;-65.687926;1.200000;0.200000;1.000000;0.990598;
5.931296;0.933747;1.200000;0.199813;0.990627;-66.368816;1.200000;0.200000;1.000000;0.990627;
5.947680;0.933636;1.200000;0.199960;0.990598;-66.710117;1.200000;0.200000;1.000000;0.990598;
5.980448;0.933417;1.200000;0.199801;0.990629;-67.394417;1.200000;0.200000;1.000000;0.990629;
5.996832;0.933307;1.200000;0.199958;0.990599;-67.737415;1.200000;0.200000;1.000000;0.990599;
6.029600;0.933090;1.200000;0.199788;0.990631;-68.425091;1.200000;0.200000;1.000000;0.990631;
6.045984;0.932981;1.200000;0.199956;0.990599;-68.769768;1.200000;0.200000;1.000000;0.990599;
6.078752;0.932766;1.200000;0.199775;0.990634;-69.460787;1.200000;0.200000;1.000000;0.990634;
6.095136;0.932659;1.200000;0.199953;0.990600;-69.807128;1.200000;0.200000;1.000000;0.990600;
6.127904;0.932445;1.200000;0.199762;0.990636;-70.501458;1.200000;0.200000;1.000000;0.990636;
6.144288;0.932339;1.200000;0.199951;0.990600;-70.849446;1.200000;0.200000;1.000000;0.990600;
6.177056;0.932128;1.200000;0.199747;0.990639;-71.547054;1.200000;0.200000;1.000000;0.990639;
6.193440;0.932023;1.200000;0.199948;0.990600;-71.896673;1.200000;0.200000;1.000000;0.990600;
6.226208;0.931814;1.200000;0.199733;0.990641;-72.597527;1.200000;0.200000;1.000000;0.990641;
6.242592;0.931710;1.200000;0.199945;0.990601;-72.948761;1.200000;0.200000;1.000000;0.990601;
6.250784;0.931658;1.200000;0.199993;0.990592;-73.124579;1.200000;0.200000;1.000000;0.990592;
6.267168;0.931554;1.200000;0.199979;0.990594;-73.476615;1.200000;0.200000;1.000000;0.990594;
6.299936;0.931348;1.200000;0.199935;0.990604;-74.182280;1.200000;0.200000;1.000000;0.990604;
6.316320;0.931246;1.200000;0.199941;0.990602;-74.535907;1.200000;0.200000;1.000000;0.990602;
6.324512;0.931194;1.200000;0.199993;0.990592;-74.712918;1.200000;0.200000;1.000000;0.990592;
6.340896;0.931092;1.200000;0.199978;0.990594;-75.067335;1.200000;0.200000;1.000000;0.990594;
6.373664;0.930889;1.200000;0.199929;0.990606;-75.777739;1.200000;0.200000;1.000000;0.990606;
6.390048;0.930788;1.200000;0.199937;0.990603;-76.133725;1.200000;0.200000;1.000000;0.990603;
6.398240;0.930738;1.200000;0.199993;0.990592;-76.311912;1.200000;0.200000;1.000000;0.990592;
6.414624;0.930637;1.200000;0.199977;0.990594;-76.668676;1.200000;0.200000;1.000000;0.990594;
6.447392;0.930437;1.200000;0.199922;0.990607;-77.383750;1.200000;0.200000;1.000000;0.990607;
6.463776;0.930338;1.200000;0.199932;0.990603;-77.742058;1.200000;0.200000;1.000000;0.990603;
6.471968;0.930288;1.200000;0.199992;0.990592;-77.921405;1.200000;0.200000;1.000000;0.990592;
6.488352;0.930189;1.200000;0.199975;0.990595;-78.280481;1.200000;0.200000;1.000000;0.990595;
6.521120;0.929992;1.200000;0.199914;0.990609;-79.000156;1.200000;0.200000;1.000000;0.990609;
6.537504;0.929893;1.200000;0.199927;0.990604;-79.360754;1.200000;0.200000;1.000000;0.990604;
6.545696;0.929845;1.200000;0.199992;0.990592;-79.541242;1.200000;0.200000;1.000000;0.990592;
6.562080;0.929747;1.200000;0.199974;0.990595;-79.902596;1.200000;0.200000;1.000000;0.990595;
6.594848;0.929553;1.200000;0.199907;0.990610;-80.626806;1.200000;0.200000;1.000000;0.990610;
6.611232;0.929456;1.200000;0.199922;0.990605;-80.989660;1.200000;0.200000;1.000000;0.990605;
6.619424;0.929408;1.200000;0.199991;0.990592;-81.171273;1.200000;0.200000;1.000000;0.990592;
6.635808;0.929312;1.200000;0.199973;0.990595;-81.534872;1.200000;0.200000;1.000000;0.990595;
6.668576;0.929120;1.200000;0.199898;0.990612;-82.263549;1.200000;0.200000;1.000000;0.990612;
6.684960;0.929025;1.200000;0.199917;0.990606;-82.628626;1.200000;0.200000;1.000000;0.990606;
6.693152;0.928977;1.200000;0.199991;0.990592;-82.811349;1.200000;0.200000;1.000000;0.990592;
6.709536;0.928882;1.200000;0.199971;0.990595;-83.177160;1.200000;0.200000;1.000000;0.990595;
6.742304;0.928694;1.200000;0.199890;0.990613;-83.910239;1.200000;0.200000;1.000000;0.990613;
6.758688;0.928600;1.200000;0.199912;0.990607;-84.277506;1.200000;0.200000;1.000000;0.990607;
6.766880;0.928553;1.200000;0.199990;0.990592;-84.461321;1.200000;0.200000;1.000000;0.990592;
6.783264;0.928460;1.200000;0.199970;0.990595;-84.829312;1.200000;0.200000;1.000000;0.990595;
6.816032;0.928274;1.200000;0.199880;0.990615;-85.566729;1.200000;0.200000;1.000000;0.990615;
6.832416;0.928181;1.200000;0.199906;0.990608;-85.936155;1.200000;0.200000;1.000000;0.990608;
6.840608;0.928135;1.200000;0.199990;0.990592;-86.121046;1.200000;0.200000;1.000000;0.990592;
6.856992;0.928043;1.200000;0.199968;0.990596;-86.491184;1.200000;0.200000;1.000000;0.990596;
6.889760;0.927860;1.200000;0.199871;0.990617;-87.232876;1.200000;0.200000;1.000000;0.990617;
6.906144;0.927769;1.200000;0.199900;0.990609;-87.604429;1.200000;0.200000;1.000000;0.990609;
6.914336;0.927723;1.200000;0.199989;0.990592;-87.790381;1.200000;0.200000;1.000000;0.990592;
6.930720;0.927633;1.200000;0.199967;0.990596;-88.162635;1.200000;0.200000;1.000000;0.990596;
6.963488;0.927452;1.200000;0.199860;0.990619;-88.908539;1.200000;0.200000;1.000000;0.990619;
6.979872;0.927362;1.200000;0.199894;0.990610;-89.282187;1.200000;0.200000;1.000000;0.990610;
6.988064;0.927318;1.200000;0.199989;0.990592;-89.469184;1.200000;0.200000;1.000000;0.990592;
7.004448;0.927228;1.200000;0.199965;0.990596;-89.843524;1.200000;0.200000;1.000000;0.990596;
7.037216;0.927050;1.200000;0.199850;0.990621;-90.593578;1.200000;0.200000;1.000000;0.990621;
7.053600;0.926962;1.200000;0.199888;0.990611;-90.969291;1.200000;0.200000;1.000000;0.990611;
7.061792;0.926918;1.200000;0.199988;0.990593;-91.157318;1.200000;0.200000;1.000000;0.990593;
7.078176;0.926830;1.200000;0.199964;0.990596;-91.533713;1.200000;0.200000;1.000000;0.990596;
7.110944;0.926654;1.200000;0.199838;0.990623;-92.287857;1.200000;0.200000;1.000000;0.990623;
7.127328;0.926567;1.200000;0.199881;0.990612;-92.665604;1.200000;0.200000;1.000000;0.990612;
7.135520;0.926524;1.200000;0.199988;0.990593;-92.854646;1.200000;0.200000;1.000000;0.990593;
7.151904;0.926437;1.200000;0.199962;0.990597;-93.233066;1.200000;0.200000;1.000000;0.990597;
7.184672;0.926264;1.200000;0.199827;0.990625;-93.991239;1.200000;0.200000;1.000000;0.990625;
7.201056;0.926178;1.200000;0.199875;0.990613;-94.370991;1.200000;0.200000;1.000000;0.990613;
7.209248;0.926135;1.200000;0.199987;0.990593;-94.561033;1.200000;0.200000;1.000000;0.990593;
7.225632;0.926050;1.200000;0.199960;0.990597;-94.941448;1.200000;0.200000;1.000000;0.990597;
7.258400;0.925880;1.200000;0.199814;0.990628;-95.703592;1.200000;0.200000;1.000000;0.990628;
7.274784;0.925795;1.200000;0.199868;0.990614;-96.085320;1.200000;0.200000;1.000000;0.990614;
7.282976;0.925753;1.200000;0.199987;0.990593;-96.276347;1.200000;0.200000;1.000000;0.990593;
7.299360;0.925669;1.200000;0.199958;0.990597;-96.658727;1.200000;0.200000;1.000000;0.990597;
7.332128;0.925501;1.200000;0.199802;0.990630;-97.424784;1.200000;0.200000;1.000000;0.990630;
7.348512;0.925418;1.200000;0.199861;0.990615;-97.808458;1.200000;0.200000;1.000000;0.990615;
7.356704;0.925376;1.200000;0.199986;0.990593;-98.000457;1.200000;0.200000;1.000000;0.990593;
7.373088;0.925293;1.200000;0.199957;0.990597;-98.384774;1.200000;0.200000;1.000000;0.990597;
7.405856;0.925128;1.200000;0.199788;0.990632;-99.154686;1.200000;0.200000;1.000000;0.990632;
7.422240;0.925045;1.200000;0.199854;0.990617;-99.540278;1.200000;0.200000;1.000000;0.990617;
7.430432;0.925004;1.200000;0.199986;0.990593;-99.733234;1.200000;0.200000;1.000000;0.990593;
7.446816;0.924923;1.200000;0.199955;0.990598;-100.119460;1.200000;0.200000;1.000000;0.990598;
7.479584;0.924760;1.200000;0.199775;0.990635;-100.893170;1.200000;0.200000;1.000000;0.990635;
7.495968;0.924679;1.200000;0.199846;0.990618;-101.280653;1.200000;0.200000;1.000000;0.990618;
7.504160;0.924638;1.200000;0.199985;0.990593;-101.474551;1.200000;0.200000;1.000000;0.990593;
7.520544;0.924558;1.200000;0.199953;0.990598;-101.862658;1.200000;0.200000;1.000000;0.990598;
7.553312;0.924397;1.200000;0.199760;0.990638;-102.640111;1.200000;0.200000;1.000000;0.990638;
7.569696;0.924318;1.200000;0.199839;0.990619;-103.029457;1.200000;0.200000;1.000000;0.990619;
7.577888;0.924278;1.200000;0.199984;0.990593;-103.224283;1.200000;0.200000;1.000000;0.990593;
7.594272;0.924198;1.200000;0.199951;0.990598;-103.614244;1.200000;0.200000;1.000000;0.990598;
7.627040;0.924040;1.200000;0.199746;0.990640;-104.395386;1.200000;0.200000;1.000000;0.990640;
7.643424;0.923962;1.200000;0.199831;0.990620;-104.786566;1.200000;0.200000;1.000000;0.990620;
7.651616;0.923922;1.200000;0.199984;0.990593;-104.982308;1.200000;0.200000;1.000000;0.990593;
7.668000;0.923844;1.200000;0.199949;0.990599;-105.374095;1.200000;0.200000;1.000000;0.990599;
7.676192;0.923805;1.200000;0.199996;0.990591;-105.570139;1.200000;0.200000;1.000000;0.990591;
7.692576;0.923727;1.200000;0.199949;0.990599;-105.962528;1.200000;0.200000;1.000000;0.990599;
7.700768;0.923688;1.200000;0.199996;0.990591;-106.158873;1.200000;0.200000;1.000000;0.990591;
7.717152;0.923611;1.200000;0.199948;0.990599;-106.551862;1.200000;0.200000;1.000000;0.990599;
7.749920;0.923457;1.200000;0.199719;0.990645;-107.339031;1.200000;0.200000;1.000000;0.990645;
7.766304;0.923380;1.200000;0.199817;0.990623;-107.733211;1.200000;0.200000;1.000000;0.990623;
7.774496;0.923342;1.200000;0.199983;0.990593;-107.930449;1.200000;0.200000;1.000000;0.990593;
7.790880;0.923265;1.200000;0.199946;0.990599;-108.325220;1.200000;0.200000;1.000000;0.990599;
7.799072;0.923227;1.200000;0.199996;0.990591;-108.522752;1.200000;0.200000;1.000000;0.990591;
7.815456;0.923151;1.200000;0.199946;0.990599;-108.918111;1.200000;0.200000;1.000000;0.990599;
7.823648;0.923113;1.200000;0.199996;0.990591;-109.115937;1.200000;0.200000;1.000000;0.990591;
7.840032;0.923038;1.200000;0.199945;0.990599;-109.511881;1.200000;0.200000;1.000000;0.990599;
7.872800;0.922887;1.200000;0.199691;0.990650;-110.304933;1.200000;0.200000;1.000000;0.990650;
7.889184;0.922812;1.200000;0.199803;0.990625;-110.702038;1.200000;0.200000;1.000000;0.990625;
7.897376;0.922775;1.200000;0.199982;0.990594;-110.900736;1.200000;0.200000;1.000000;0.990594;
7.913760;0.922701;1.200000;0.199942;0.990600;-111.298419;1.200000;0.200000;1.000000;0.990600;
7.921952;0.922663;1.200000;0.199996;0.990591;-111.497404;1.200000;0.200000;1.000000;0.990591;
7.938336;0.922589;1.200000;0.199942;0.990600;-111.895660;1.200000;0.200000;1.000000;0.990600;
7.946528;0.922552;1.200000;0.199996;0.990591;-112.094932;1.200000;0.200000;1.000000;0.990591;
7.962912;0.922478;1.200000;0.199941;0.990600;-112.493759;1.200000;0.200000;1.000000;0.990600;
7.971104;0.922442;1.200000;0.199996;0.990591;-112.693315;1.200000;0.200000;1.000000;0.990591;
7.987488;0.922368;1.200000;0.199941;0.990600;-113.092711;1.200000;0.200000;1.000000;0.990600;
7.995680;0.922332;1.200000;0.199996;0.990591;-113.292551;1.200000;0.200000;1.000000;0.990591;
8.012064;0.922259;1.200000;0.199940;0.990600;-113.692512;1.200000;0.200000;1.000000;0.990600;
8.020256;0.922222;1.200000;0.199996;0.990591;-113.892633;1.200000;0.200000;1.000000;0.990591;
8.036640;0.922149;1.200000;0.199939;0.990600;-114.293157;1.200000;0.200000;1.000000;0.990600;
8.044832;0.922113;1.200000;0.199995;0.990591;-114.493560;1.200000;0.200000;1.000000;0.990591;
8.061216;0.922041;1.200000;0.199939;0.990600;-114.894643;1.200000;0.200000;1.000000;0.990600;
8.069408;0.922005;1.200000;0.199995;0.990591;-115.095325;1.200000;0.200000;1.000000;0.990591;
8.085792;0.921933;1.200000;0.199938;0.990600;-115.496966;1.200000;0.200000;1.000000;0.990600;
8.093984;0.921897;1.200000;0.199995;0.990592;-115.697925;1.200000;0.200000;1.000000;0.990592;
8.110368;0.921825;1.200000;0.199937;0.990600;-116.100121;1.200000;0.200000;1.000000;0.990600;
8.118560;0.921789;1.200000;0.199995;0.990592;-116.301357;1.200000;0.200000;1.000000;0.990592;
8.134944;0.921718;1.200000;0.199937;0.990600;-116.704104;1.200000;0.200000;1.000000;0.990600;
8.143136;0.921683;1.200000;0.199995;0.990592;-116.905615;1.200000;0.200000;1.000000;0.990592;
8.159520;0.921612;1.200000;0.199936;0.990600;-117.308911;1.200000;0.200000;1.000000;0.990600;
8.167712;0.921576;1.200000;0.199995;0.990592;-117.510696;1.200000;0.200000;1.000000;0.990592;
8.184096;0.921506;1.200000;0.199935;0.990601;-117.914539;1.200000;0.200000;1.000000;0.990601;
8.192288;0.921471;1.200000;0.199995;0.990592;-118.116596;1.200000;0.200000;1.000000;0.990592;
8.208672;0.921400;1.200000;0.199934;0.990601;-118.520982;1.200000;0.200000;1.000000;0.990601;
8.216864;0.921365;1.200000;0.199995;0.990592;-118.723311;1.200000;0.200000;1.000000;0.990592;
8.233248;0.921295;1.200000;0.199934;0.990601;-119.128238;1.200000;0.200000;1.000000;0.990601;
8.241440;0.921261;1.200000;0.199995;0.990592;-119.330836;1.200000;0.200000;1.000000;0.990592;
8.257824;0.921191;1.200000;0.199933;0.990601;-119.736302;1.200000;0.200000;1.000000;0.990601;
8.266016;0.921156;1.200000;0.199995;0.990592;-119.939169;1.200000;0.200000;1.000000;0.990592;
8.282400;0.921087;1.200000;0.199932;0.990601;-120.345170;1.200000;0.200000;1.000000;0.990601;
8.290592;0.921053;1.200000;0.199995;0.990592;-120.548304;1.200000;0.200000;1.000000;0.990592;
8.306976;0.920984;1.200000;0.199932;0.990601;-120.954838;1.200000;0.200000;1.000000;0.990601;
8.315168;0.920949;1.200000;0.199995;0.990592;-121.158238;1.200000;0.200000;1.000000;0.990592;
8.331552;0.920881;1.200000;0.199931;0.990601;-121.565303;1.200000;0.200000;1.000000;0.990601;
8.339744;0.920847;1.200000;0.199995;0.990592;-121.768967;1.200000;0.200000;1.000000;0.990592;
8.356128;0.920778;1.200000;0.199930;0.990601;-122.176560;1.200000;0.200000;1.000000;0.990601;
8.364320;0.920744;1.200000;0.199995;0.990592;-122.380488;1.200000;0.200000;1.000000;0.990592;
8.380704;0.920677;1.200000;0.199929;0.990601;-122.788605;1.200000;0.200000;1.000000;0.990601;
8.388896;0.920643;1.200000;0.199995;0.990592;-122.992795;1.200000;0.200000;1.000000;0.990592;
8.405280;0.920575;1.200000;0.199929;0.990601;-123.401436;1.200000;0.200000;1.000000;0.990601;
8.413472;0.920541;1.200000;0.199995;0.990592;-123.605886;1.200000;0.200000;1.000000;0.990592;
8.429856;0.920474;1.200000;0.199928;0.990602;-124.015047;1.200000;0.200000;1.000000;0.990602;
8.438048;0.920441;1.200000;0.199995;0.990592;-124.219757;1.200000;0.200000;1.000000;0.990592;
8.454432;0.920374;1.200000;0.199927;0.990602;-124.629435;1.200000;0.200000;1.000000;0.990602;
8.462624;0.920341;1.200000;0.199995;0.990592;-124.834403;1.200000;0.200000;1.000000;0.990592;
8.479008;0.920274;1.200000;0.199926;0.990602;-125.244596;1.200000;0.200000;1.000000;0.990602;
8.487200;0.920241;1.200000;0.199994;0.990592;-125.449821;1.200000;0.200000;1.000000;0.990592;
8.503584;0.920175;1.200000;0.199926;0.990602;-125.860526;1.200000;0.200000;1.000000;0.990602;
8.511776;0.920142;1.200000;0.199994;0.990592;-126.066007;1.200000;0.200000;1.000000;0.990592;
8.528160;0.920076;1.200000;0.199925;0.990602;-126.477223;1.200000;0.200000;1.000000;0.990602;
8.536352;0.920043;1.200000;0.199994;0.990592;-126.682958;1.200000;0.200000;1.000000;0.990592;
8.552736;0.919977;1.200000;0.199924;0.990602;-127.094681;1.200000;0.200000;1.000000;0.990602;
8.560928;0.919945;1.200000;0.199994;0.990592;-127.300669;1.200000;0.200000;1.000000;0.990592;
8.577312;0.919879;1.200000;0.199923;0.990602;-127.712897;1.200000;0.200000;1.000000;0.990602;
8.585504;0.919847;1.200000;0.199994;0.990592;-127.919137;1.200000;0.200000;1.000000;0.990592;
8.601888;0.919782;1.200000;0.199923;0.990602;-128.331867;1.200000;0.200000;1.000000;0.990602;
8.610080;0.919749;1.200000;0.199994;0.990592;-128.538358;1.200000;0.200000;1.000000;0.990592;
8.626464;0.919685;1.200000;0.199922;0.990602;-128.951589;1.200000;0.200000;1.000000;0.990602;
8.634656;0.919653;1.200000;0.199994;0.990592;-129.158329;1.200000;0.200000;1.000000;0.990592;
8.651040;0.919588;1.200000;0.199921;0.990603;-129.572057;1.200000;0.200000;1.000000;0.990603;
8.659232;0.919556;1.200000;0.199994;0.990592;-129.779045;1.200000;0.200000;1.000000;0.990592;
8.675616;0.919492;1.200000;0.199920;0.990603;-130.193269;1.200000;0.200000;1.000000;0.990603;
8.683808;0.919460;1.200000;0.199994;0.990592;-130.400504;1.200000;0.200000;1.000000;0.990592;
8.700192;0.919397;1.200000;0.199920;0.990603;-130.815220;1.200000;0.200000;1.000000;0.990603;
8.708384;0.919365;1.200000;0.199994;0.990592;-131.022701;1.200000;0.200000;1.000000;0.990592;
8.724768;0.919302;1.200000;0.199919;0.990603;-131.437908;1.200000;0.200000;1.000000;0.990603;
8.732960;0.919270;1.200000;0.199994;0.990592;-131.645633;1.200000;0.200000;1.000000;0.990592;
8.749344;0.919207;1.200000;0.199918;0.990603;-132.061328;1.200000;0.200000;1.000000;0.990603;
8.757536;0.919175;1.200000;0.199994;0.990592;-132.269296;1.200000;0.200000;1.000000;0.990592;
8.773920;0.919113;1.200000;0.199917;0.990603;-132.685476;1.200000;0.200000;1.000000;0.990603;
8.782112;0.919081;1.200000;0.199994;0.990592;-132.893687;1.200000;0.200000;1.000000;0.990592;
8.798496;0.919019;1.200000;0.199916;0.990603;-133.310351;1.200000;0.200000;1.000000;0.990603;
8.806688;0.918988;1.200000;0.199994;0.990592;-133.518803;1.200000;0.200000;1.000000;0.990592;
8.823072;0.918926;1.200000;0.199916;0.990603;-133.935947;1.200000;0.200000;1.000000;0.990603;
8.831264;0.918895;1.200000;0.199994;0.990592;-134.144638;1.200000;0.200000;1.000000;0.990592;
8.847648;0.918833;1.200000;0.199915;0.990603;-134.562261;1.200000;0.200000;1.000000;0.990603;
8.855840;0.918802;1.200000;0.199994;0.990592;-134.771191;1.200000;0.200000;1.000000;0.990592;
8.872224;0.918741;1.200000;0.199914;0.990604;-135.189290;1.200000;0.200000;1.000000;0.990604;
8.880416;0.918710;1.200000;0.199993;0.990592;-135.398458;1.200000;0.200000;1.000000;0.990592;
8.896800;0.918649;1.200000;0.199913;0.990604;-135.817030;1.200000;0.200000;1.000000;0.990604;
8.904992;0.918618;1.200000;0.199993;0.990592;-136.026434;1.200000;0.200000;1.000000;0.990592;
8.921376;0.918557;1.200000;0.199913;0.990604;-136.445477;1.200000;0.200000;1.000000;0.990604;
8.929568;0.918527;1.200000;0.199993;0.990592;-136.655117;1.200000;0.200000;1.000000;0.990592;
8.945952;0.918466;1.200000;0.199912;0.990604;-137.074630;1.200000;0.200000;1.000000;0.990604;
8.954144;0.918436;1.200000;0.199993;0.990592;-137.284503;1.200000;0.200000;1.000000;0.990592;
8.970528;0.918376;1.200000;0.199911;0.990604;-137.704482;1.200000;0.200000;1.000000;0.990604;
8.978720;0.918346;1.200000;0.199993;0.990592;-137.914588;1.200000;0.200000;1.000000;0.990592;
8.995104;0.918286;1.200000;0.199910;0.990604;-138.335032;1.200000;0.200000;1.000000;0.990604;
9.003296;0.918256;1.200000;0.199993;0.990592;-138.545370;1.200000;0.200000;1.000000;0.990592;
9.019680;0.918196;1.200000;0.199909;0.990604;-138.966277;1.200000;0.200000;1.000000;0.990604;
9.027872;0.918166;1.200000;0.199993;0.990592;-139.176845;1.200000;0.200000;1.000000;0.990592;
9.044256;0.918107;1.200000;0.199909;0.990604;-139.598211;1.200000;0.200000;1.000000;0.990604;
9.052448;0.918077;1.200000;0.199993;0.990592;-139.809009;1.200000;0.200000;1.000000;0.990592;
9.068832;0.918018;1.200000;0.199908;0.990604;-140.230833;1.200000;0.200000;1.000000;0.990604;
9.077024;0.917989;1.200000;0.199993;0.990592;-140.441859;1.200000;0.200000;1.000000;0.990592;
9.093408;0.917930;1.200000;0.199907;0.990605;-140.864139;1.200000;0.200000;1.000000;0.990605;
9.101600;0.917900;1.200000;0.199993;0.990592;-141.075392;1.200000;0.200000;1.000000;0.990592;
9.117984;0.917842;1.200000;0.199906;0.990605;-141.498124;1.200000;0.200000;1.000000;0.990605;
9.126176;0.917813;1.200000;0.199993;0.990592;-141.709604;1.200000;0.200000;1.000000;0.990592;
9.142560;0.917754;1.200000;0.199905;0.990605;-142.132788;1.200000;0.200000;1.000000;0.990605;
9.150752;0.917725;1.200000;0.199993;0.990592;-142.344492;1.200000;0.200000;1.000000;0.990592;
9.167136;0.917667;1.200000;0.199904;0.990605;-142.768124;1.200000;0.200000;1.000000;0.990605;
9.175328;0.917638;1.200000;0.199993;0.990592;-142.980052;1.200000;0.200000;1.000000;0.990592;
9.191712;0.917581;1.200000;0.199904;0.990605;-143.404132;1.200000;0.200000;1.000000;0.990605;
9.199904;0.917552;1.200000;0.199993;0.990592;-143.616283;1.200000;0.200000;1.000000;0.990592;
9.216288;0.917494;1.200000;0.199903;0.990605;-144.040806;1.200000;0.200000;1.000000;0.990605;
9.224480;0.917466;1.200000;0.199993;0.990592;-144.253179;1.200000;0.200000;1.000000;0.990592;
9.240864;0.917409;1.200000;0.199902;0.990605;-144.678144;1.200000;0.200000;1.000000;0.990605;
9.249056;0.917380;1.200000;0.199993;0.990592;-144.890738;1.200000;0.200000;1.000000;0.990592;
9.265440;0.917323;1.200000;0.199901;0.990605;-145.316143;1.200000;0.200000;1.000000;0.990605;
9.273632;0.917295;1.200000;0.199992;0.990592;-145.528956;1.200000;0.200000;1.000000;0.990592;
9.290016;0.917238;1.200000;0.199900;0.990605;-145.954800;1.200000;0.200000;1.000000;0.990605;
9.298208;0.917210;1.200000;0.199992;0.990592;-146.167831;1.200000;0.200000;1.000000;0.990592;
9.314592;0.917154;1.200000;0.199900;0.990606;-146.594110;1.200000;0.200000;1.000000;0.990606;
9.322784;0.917126;1.200000;0.199992;0.990592;-146.807359;1.200000;0.200000;1.000000;0.990592;
9.339168;0.917070;1.200000;0.199899;0.990606;-147.234072;1.200000;0.200000;1.000000;0.990606;
9.347360;0.917042;1.200000;0.199992;0.990592;-147.447537;1.200000;0.200000;1.000000;0.990592;
9.363744;0.916986;1.200000;0.199898;0.990606;-147.874681;1.200000;0.200000;1.000000;0.990606;
9.371936;0.916958;1.200000;0.199992;0.990592;-148.088361;1.200000;0.200000;1.000000;0.990592;
9.388320;0.916903;1.200000;0.199897;0.990606;-148.515935;1.200000;0.200000;1.000000;0.990606;
9.396512;0.916875;1.200000;0.199992;0.990592;-148.729829;1.200000;0.200000;1.000000;0.990592;
9.412896;0.916820;1.200000;0.199896;0.990606;-149.157831;1.200000;0.200000;1.000000;0.990606;
9.421088;0.916792;1.200000;0.199992;0.990592;-149.371938;1.200000;0.200000;1.000000;0.990592;
9.437472;0.916737;1.200000;0.199895;0.990606;-149.800365;1.200000;0.200000;1.000000;0.990606;
9.445664;0.916710;1.200000;0.199992;0.990592;-150.014684;1.200000;0.200000;1.000000;0.990592;
9.462048;0.916655;1.200000;0.199895;0.990606;-150.443533;1.200000;0.200000;1.000000;0.990606;
9.470240;0.916628;1.200000;0.199992;0.990592;-150.658064;1.200000;0.200000;1.000000;0.990592;
9.486624;0.916574;1.200000;0.199894;0.990606;-151.087334;1.200000;0.200000;1.000000;0.990606;
9.494816;0.916547;1.200000;0.199992;0.990592;-151.302075;1.200000;0.200000;1.000000;0.990592;
9.511200;0.916492;1.200000;0.199893;0.990606;-151.731764;1.200000;0.200000;1.000000;0.990606;
9.519392;0.916465;1.200000;0.199992;0.990592;-151.946714;1.200000;0.200000;1.000000;0.990592;
9.535776;0.916412;1.200000;0.199892;0.990607;-152.376820;1.200000;0.200000;1.000000;0.990607;
9.543968;0.916385;1.200000;0.199992;0.990592;-152.591977;1.200000;0.200000;1.000000;0.990592;
9.560352;0.916331;1.200000;0.199891;0.990607;-153.022499;1.200000;0.200000;1.000000;0.990607;
9.568544;0.916304;1.200000;0.199992;0.990592;-153.237863;1.200000;0.200000;1.000000;0.990592;
9.584928;0.916251;1.200000;0.199891;0.990607;-153.668797;1.200000;0.200000;1.000000;0.990607;
9.593120;0.916224;1.200000;0.199992;0.990592;-153.884367;1.200000;0.200000;1.000000;0.990592;
9.609504;0.916171;1.200000;0.199890;0.990607;-154.315712;1.200000;0.200000;1.000000;0.990607;
9.617696;0.916145;1.200000;0.199992;0.990592;-154.531487;1.200000;0.200000;1.000000;0.990592;
9.634080;0.916092;1.200000;0.199889;0.990607;-154.963241;1.200000;0.200000;1.000000;0.990607;
9.642272;0.916066;1.200000;0.199991;0.990592;-155.179220;1.200000;0.200000;1.000000;0.990592;
9.658656;0.916013;1.200000;0.199888;0.990607;-155.611380;1.200000;0.200000;1.000000;0.990607;
9.666848;0.915987;1.200000;0.199991;0.990592;-155.827562;1.200000;0.200000;1.000000;0.990592;
9.683232;0.915935;1.200000;0.199887;0.990607;-156.260127;1.200000;0.200000;1.000000;0.990607;
9.691424;0.915909;1.200000;0.199991;0.990592;-156.476511;1.200000;0.200000;1.000000;0.990592;
9.707808;0.915856;1.200000;0.199886;0.990607;-156.909479;1.200000;0.200000;1.000000;0.990607;
9.716000;0.915831;1.200000;0.199991;0.990592;-157.126064;1.200000;0.200000;1.000000;0.990592;
9.732384;0.915779;1.200000;0.199885;0.990607;-157.559433;1.200000;0.200000;1.000000;0.990607;
9.740576;0.915753;1.200000;0.199991;0.990592;-157.776217;1.200000;0.200000;1.000000;0.990592;
9.756960;0.915701;1.200000;0.199885;0.990608;-158.209985;1.200000;0.200000;1.000000;0.990608;
9.765152;0.915676;1.200000;0.199991;0.990592;-158.426969;1.200000;0.200000;1.000000;0.990592;
9.781536;0.915624;1.200000;0.199884;0.990608;-158.861134;1.200000;0.200000;1.000000;0.990608;
9.789728;0.915599;1.200000;0.199991;0.990592;-159.078315;1.200000;0.200000;1.000000;0.990592;
9.806112;0.915548;1.200000;0.199883;0.990608;-159.512875;1.200000;0.200000;1.000000;0.990608;
9.814304;0.915522;1.200000;0.199991;0.990592;-159.730253;1.200000;0.200000;1.000000;0.990592;
9.830688;0.915472;1.200000;0.199882;0.990608;-160.165206;1.200000;0.200000;1.000000;0.990608;
9.838880;0.915446;1.200000;0.199991;0.990592;-160.382780;1.200000;0.200000;1.000000;0.990592;
9.855264;0.915396;1.200000;0.199881;0.990608;-160.818124;1.200000;0.200000;1.000000;0.990608;
9.863456;0.915370;1.200000;0.199991;0.990592;-161.035894;1.200000;0.200000;1.000000;0.990592;
9.879840;0.915320;1.200000;0.199880;0.990608;-161.471627;1.200000;0.200000;1.000000;0.990608;
9.888032;0.915295;1.200000;0.199991;0.990592;-161.689591;1.200000;0.200000;1.000000;0.990592;
9.904416;0.915245;1.200000;0.199880;0.990608;-162.125711;1.200000;0.200000;1.000000;0.990608;
9.912608;0.915220;1.200000;0.199991;0.990592;-162.343868;1.200000;0.200000;1.000000;0.990592;
9.928992;0.915170;1.200000;0.199879;0.990608;-162.780373;1.200000;0.200000;1.000000;0.990608;
9.937184;0.915145;1.200000;0.199991;0.990592;-162.998722;1.200000;0.200000;1.000000;0.990592;
9.953568;0.915096;1.200000;0.199878;0.990609;-163.435612;1.200000;0.200000;1.000000;0.990609;
9.961760;0.915071;1.200000;0.199991;0.990592;-163.654152;1.200000;0.200000;1.000000;0.990592;
9.978144;0.915022;1.200000;0.199877;0.990609;-164.091423;1.200000;0.200000;1.000000;0.990609;
10.000000;0.914956;1.200000;0.199786;0.990630;-164.675135;1.200000;0.200000;1.000000;0.990630;
