time;GEN_A1_generator_omegaPu;GEN_A1_generator_PGen;GEN_A1_generator_QGen;GEN_A1_generator_UStatorPu;GEN_A1_voltageRegulator_EfdPu;GEN_A2_generator_omegaPu;GEN_A2_generator_PGen;GEN_A2_generator_QGen;GEN_A2_generator_UStatorPu;GEN_B1_generator_omegaPu;GEN_B1_generator_PGen;GEN_B1_generator_QGen;GEN_B1_generator_UStatorPu;GEN_B1_voltageRegulator_EfdPu;GEN_B2_generator_omegaPu;GEN_B2_generator_PGen;GEN_B2_generator_QGen;GEN_B2_generator_UStatorPu;OMEGA_REF_omegaRef_0_value;OMEGA_REF_omegaRef_1_value;OMEGA_REF_omegaRef_grp_0_value;OMEGA_REF_omegaRef_grp_2_value;NETWORK_A_HV1_Upu_value;NETWORK_A_HV2_Upu_value;NETWORK_A_HV3_Upu_value;NETWORK_B_HV1_Upu_value;NETWORK_B_HV2_Upu_value;NETWORK_A_LD1_Upu_value;NETWORK_B_LD2_Upu_value;NETWORK_A_HV1_numcc_value;NETWORK_B_HV1_numcc_value;
0.000000;1.000000;794.190580;-5.204548;1.002046;2.202370;1.000000;158.784219;25.812895;1.012318;1.000000;402.610293;31.893953;1.003492;1.520319;1.000000;100.545839;10.475013;1.004995;1.000000;1.000000;1.000000;1.000000;0.999999;0.999999;0.999999;1.000000;1.000000;0.986942;0.992556;0.000000;1.000000;
0.000001;1.000000;794.190580;-5.204548;1.002046;2.202370;1.000000;158.784219;25.812895;1.012318;1.000000;402.610293;31.893953;1.003492;1.520319;1.000000;100.545839;10.475013;1.004995;1.000000;1.000000;1.000000;1.000000;0.999999;0.999999;0.999999;1.000000;1.000000;0.986942;0.992556;0.000000;1.000000;
0.000002;1.000000;794.190580;-5.204548;1.002046;2.202370;1.000000;158.784219;25.812895;1.012318;1.000000;402.610293;31.893953;1.003492;1.520319;1.000000;100.545839;10.475013;1.004995;1.000000;1.000000;1.000000;1.000000;0.999999;0.999999;0.999999;1.000000;1.000000;0.986942;0.992556;0.000000;1.000000;
0.000004;1.000000;794.190580;-5.204548;1.002046;2.202370;1.000000;158.784219;25.812895;1.012318;1.000000;402.610293;31.893953;1.003492;1.520319;1.000000;100.545839;10.475013;1.004995;1.000000;1.000000;1.000000;1.000000;0.999999;0.999999;0.999999;1.000000;1.000000;0.986942;0.992556;0.000000;1.000000;
0.000008;1.000000;794.190580;-5.204548;1.002046;2.202370;1.000000;158.784219;25.812895;1.012318;1.000000;402.610293;31.893953;1.003492;1.520319;1.000000;100.545839;10.475013;1.004995;1.000000;1.000000;1.000000;1.000000;0.999999;0.999999;0.999999;1.000000;1.000000;0.986942;0.992556;0.000000;1.000000;
0.000016;1.000000;794.190580;-5.204548;1.002046;2.202370;1.000000;158.784219;25.812895;1.012318;1.000000;402.610293;31.893953;1.003492;1.520319;1.000000;100.545839;10.475013;1.004995;1.000000;1.000000;1.000000;1.000000;0.999999;0.999999;0.999999;1.000000;1.000000;0.986942;0.992556;0.000000;1.000000;
0.000032;1.000000;794.190579;-5.204549;1.002046;2.202370;1.000000;158.784219;25.812895;1.012318;1.000000;402.610293;31.893953;1.003492;1.520319;1.000000;100.545839;10.475013;1.004995;1.000000;1.000000;1.000000;1.000000;0.999999;0.999999;0.999999;1.000000;1.000000;0.986942;0.992556;0.000000;1.000000;
0.000064;1.000000;794.190579;-5.204549;1.002046;2.202370;1.000000;158.784219;25.812895;1.012318;1.000000;402.610293;31.893953;1.003492;1.520319;1.000000;100.545839;10.475013;1.004995;1.000000;1.000000;1.000000;1.000000;0.999999;0.999999;0.999999;1.000000;1.000000;0.986942;0.992556;0.000000;1.000000;
0.000128;1.000000;794.190578;-5.204549;1.002046;2.202370;1.000000;158.784220;25.812895;1.012318;1.000000;402.610293;31.893953;1.003492;1.520319;1.000000;100.545839;10.475013;1.004995;1.000000;1.000000;1.000000;1.000000;0.999999;0.999999;0.999999;1.000000;1.000000;0.986942;0.992556;0.000000;1.000000;
0.000256;1.000000;794.190575;-5.204549;1.002046;2.202370;1.000000;158.784221;25.812896;1.012318;1.000000;402.610293;31.893953;1.003492;1.520319;1.000000;100.545839;10.475013;1.004995;1.000000;1.000000;1.000000;1.000000;0.999999;0.999999;0.999999;1.000000;1.000000;0.986942;0.992556;0.000000;1.000000;
0.000512;1.000000;794.190570;-5.204550;1.002046;2.202370;1.000000;158.784223;25.812896;1.012318;1.000000;402.610292;31.893953;1.003492;1.520319;1.000000;100.545839;10.475013;1.004995;1.000000;1.000000;1.000000;1.000000;0.999999;0.999999;0.999999;1.000000;1.000000;0.986942;0.992556;0.000000;1.000000;
0.001024;1.000000;794.190561;-5.204552;1.002046;2.202370;1.000000;158.784227;25.812897;1.012318;1.000000;402.610291;31.893953;1.003492;1.520319;1.000000;100.545840;10.475013;1.004995;1.000000;1.000000;1.000000;1.000000;0.999999;0.999999;0.999999;1.000000;1.000000;0.986942;0.992556;0.000000;1.000000;
0.002048;1.000000;794.190542;-5.204555;1.002046;2.202370;1.000000;158.784235;25.812899;1.012318;1.000000;402.610290;31.893953;1.003492;1.520319;1.000000;100.545841;10.475013;1.004995;1.000000;1.000000;1.000000;1.000000;0.999999;0.999999;0.999999;1.000000;1.000000;0.986942;0.992556;0.000000;1.000000;
0.004096;1.000000;794.190505;-5.204561;1.002046;2.202370;1.000000;158.784250;25.812903;1.012318;1.000000;402.610287;31.893953;1.003492;1.520319;1.000000;100.545844;10.475013;1.004995;1.000000;1.000000;1.000000;1.000000;0.999999;0.999999;0.999999;1.000000;1.000000;0.986942;0.992556;0.000000;1.000000;
0.008192;1.000000;794.190438;-5.204572;1.002046;2.202371;1.000000;158.784277;25.812910;1.012318;1.000000;402.610281;31.893953;1.003492;1.520319;1.000000;100.545849;10.475013;1.004995;1.000000;1.000000;1.000000;1.000000;0.999999;0.999999;0.999999;1.000000;1.000000;0.986942;0.992556;0.000000;1.000000;
0.016384;1.000000;794.190325;-5.204592;1.002046;2.202372;1.000000;158.784319;25.812922;1.012318;1.000000;402.610271;31.893954;1.003492;1.520319;1.000000;100.545858;10.475011;1.004995;1.000000;1.000000;1.000000;1.000000;0.999998;0.999999;0.999999;1.000000;1.000000;0.986942;0.992556;0.000000;1.000000;
0.032768;1.000000;794.190170;-5.204621;1.002046;2.202374;1.000000;158.784359;25.812941;1.012318;1.000000;402.610257;31.893956;1.003492;1.520319;1.000000;100.545870;10.475009;1.004995;1.000000;1.000000;1.000000;1.000000;0.999998;0.999998;0.999998;1.000000;1.000000;0.986942;0.992556;0.000000;1.000000;
0.065536;1.000000;794.190081;-5.204655;1.002046;2.202377;1.000000;158.784298;25.812970;1.012318;1.000000;402.610250;31.893963;1.003492;1.520319;1.000000;100.545879;10.475001;1.004995;1.000000;1.000000;1.000000;1.000000;0.999998;0.999998;0.999998;1.000000;1.000000;0.986942;0.992556;0.000000;1.000000;
0.131072;1.000000;794.190415;-5.204686;1.002046;2.202378;1.000000;158.783846;25.813023;1.012318;1.000000;402.610286;31.893982;1.003492;1.520319;1.000000;100.545856;10.474985;1.004995;1.000000;1.000000;1.000000;1.000000;0.999998;0.999998;0.999998;1.000000;1.000000;0.986942;0.992556;0.000000;1.000000;
0.262144;1.000000;794.191478;-5.204725;1.002046;2.202378;1.000000;158.782825;25.813131;1.012318;1.000000;402.610412;31.894017;1.003492;1.520318;1.000000;100.545762;10.474958;1.004995;1.000000;1.000000;1.000000;1.000000;0.999998;0.999998;0.999998;1.000000;1.000000;0.986942;0.992556;0.000000;1.000000;
0.524288;0.999999;794.191573;-5.204693;1.002046;2.202373;0.999999;158.783063;25.813106;1.012318;1.000000;402.610451;31.894051;1.003492;1.520317;1.000000;100.545754;10.474930;1.004995;0.999999;1.000000;0.999999;1.000000;0.999998;0.999999;0.999999;1.000000;1.000000;0.986942;0.992556;0.000000;1.000000;
1.000000;0.999999;794.191051;-5.204701;1.002046;2.202372;0.999999;158.783651;25.813079;1.012318;1.000000;402.610367;31.894056;1.003492;1.520317;1.000000;100.545821;10.474920;1.004995;0.999999;1.000000;0.999999;1.000000;0.999998;0.999999;0.999999;1.000000;1.000000;0.986942;0.992556;0.000000;1.000000;
1.000000;0.999999;747.621493;-3.763734;1.006335;2.116591;0.999999;150.880652;23.948286;1.015396;1.000000;450.467004;36.649660;0.999540;1.599348;1.000000;107.463274;12.850048;1.002175;0.999999;1.000000;0.999999;1.000000;1.004473;1.004075;1.004257;0.995436;0.996085;0.991352;0.988675;0.000000;1.000000;
1.000001;0.999999;747.621467;-3.763431;1.006335;2.116591;0.999999;150.880623;23.948334;1.015396;1.000000;450.466881;36.649920;0.999540;1.599349;1.000000;107.463294;12.850103;1.002175;0.999999;1.000000;0.999999;1.000000;1.004473;1.004075;1.004257;0.995436;0.996085;0.991352;0.988675;0.000000;1.000000;
1.000002;0.999999;747.621524;-3.763421;1.006335;2.116590;0.999999;150.880599;23.948328;1.015396;1.000000;450.466841;36.649913;0.999540;1.599349;1.000000;107.463321;12.850106;1.002175;0.999999;1.000000;0.999999;1.000000;1.004473;1.004075;1.004257;0.995436;0.996085;0.991352;0.988675;0.000000;1.000000;
1.000004;0.999999;747.621644;-3.763418;1.006335;2.116589;0.999999;150.880550;23.948311;1.015396;1.000000;450.466764;36.649884;0.999540;1.599350;1.000000;107.463376;12.850110;1.002175;0.999999;1.000000;0.999999;1.000000;1.004473;1.004075;1.004257;0.995436;0.996085;0.991352;0.988675;0.000000;1.000000;
1.000008;0.999999;747.621868;-3.763359;1.006335;2.116587;0.999999;150.880453;23.948288;1.015396;1.000000;450.466595;36.649874;0.999540;1.599351;1.000000;107.463483;12.850127;1.002175;0.999999;1.000000;0.999999;1.000000;1.004473;1.004075;1.004257;0.995436;0.996085;0.991352;0.988675;0.000000;1.000000;
1.000016;0.999999;747.622327;-3.763276;1.006335;2.116583;0.999999;150.880258;23.948236;1.015396;1.000000;450.466269;36.649822;0.999540;1.599354;1.000000;107.463699;12.850155;1.002175;0.999999;1.000000;0.999999;1.000000;1.004473;1.004075;1.004258;0.995436;0.996085;0.991352;0.988674;0.000000;1.000000;
1.000032;0.999999;747.623245;-3.763110;1.006336;2.116574;0.999999;150.879869;23.948130;1.015397;1.000000;450.465615;36.649718;0.999540;1.599359;1.000000;107.464131;12.850212;1.002174;0.999999;1.000000;0.999999;1.000000;1.004474;1.004076;1.004258;0.995435;0.996084;0.991353;0.988674;0.000000;1.000000;
1.000064;0.999999;747.625078;-3.762778;1.006337;2.116556;0.999999;150.879091;23.947920;1.015397;1.000000;450.464310;36.649509;0.999539;1.599370;1.000000;107.464995;12.850324;1.002174;0.999999;1.000000;0.999999;1.000000;1.004475;1.004076;1.004259;0.995435;0.996084;0.991353;0.988674;0.000000;1.000000;
1.000128;1.000000;747.628741;-3.762115;1.006338;2.116521;1.000000;150.877539;23.947500;1.015399;0.999999;450.461701;36.649093;0.999538;1.599391;0.999999;107.466720;12.850548;1.002173;1.000000;0.999999;1.000000;0.999999;1.004476;1.004078;1.004261;0.995434;0.996083;0.991355;0.988673;0.000000;1.000000;
1.000256;1.000000;747.636048;-3.760793;1.006342;2.116451;1.000001;150.874443;23.946661;1.015401;0.999999;450.456496;36.648264;0.999536;1.599433;0.999999;107.470162;12.850993;1.002172;1.000000;0.999999;1.000000;0.999999;1.004480;1.004081;1.004264;0.995432;0.996081;0.991358;0.988671;0.000000;1.000000;
1.000512;1.000001;747.650594;-3.758160;1.006349;2.116312;1.000002;150.868292;23.944991;1.015407;0.999998;450.446137;36.646618;0.999532;1.599516;0.999997;107.477014;12.851875;1.002168;1.000001;0.999998;1.000001;0.999998;1.004486;1.004088;1.004270;0.995428;0.996078;0.991365;0.988667;0.000000;1.000000;
1.001024;1.000002;747.679409;-3.752945;1.006363;2.116034;1.000005;150.856148;23.941682;1.015418;0.999996;450.425614;36.643376;0.999523;1.599682;0.999995;107.490595;12.853605;1.002162;1.000003;0.999996;1.000003;0.999996;1.004500;1.004100;1.004283;0.995420;0.996070;0.991378;0.988660;0.000000;1.000000;
1.002048;1.000006;747.735940;-3.742705;1.006390;2.115488;1.000011;150.832487;23.935184;1.015439;0.999993;450.385351;36.637092;0.999507;1.600006;0.999989;107.517261;12.856926;1.002150;1.000007;0.999992;1.000007;0.999992;1.004526;1.004125;1.004309;0.995404;0.996056;0.991404;0.988646;0.000000;1.000000;
1.004096;1.000013;747.844688;-3.722978;1.006443;2.114426;1.000023;150.787639;23.922653;1.015480;0.999986;450.307890;36.625295;0.999476;1.600626;0.999979;107.568646;12.863035;1.002126;1.000014;0.999985;1.000014;0.999985;1.004577;1.004173;1.004358;0.995374;0.996029;0.991454;0.988619;0.000000;1.000000;
1.008192;1.000026;748.045539;-3.686367;1.006543;2.112422;1.000047;150.707547;23.899334;1.015559;0.999972;450.164791;36.604638;0.999420;1.601761;0.999958;107.663886;12.873227;1.002082;1.000030;0.999970;1.000030;0.999970;1.004673;1.004264;1.004452;0.995320;0.995979;0.991549;0.988570;0.000000;1.000000;
1.016384;1.000053;748.385206;-3.623353;1.006722;2.108850;1.000095;150.583615;23.858794;1.015701;0.999945;449.922578;36.573928;0.999325;1.603647;0.999915;107.826102;12.886366;1.002007;1.000061;0.999939;1.000061;0.999939;1.004845;1.004428;1.004619;0.995229;0.995895;0.991719;0.988486;0.000000;1.000000;
1.032768;1.000106;748.848279;-3.530126;1.007006;2.103172;1.000192;150.465353;23.796148;1.015932;0.999890;449.591401;36.547070;0.999201;1.606128;0.999829;108.050140;12.889502;1.001899;1.000121;0.999879;1.000121;0.999879;1.005120;1.004690;1.004887;0.995107;0.995781;0.991990;0.988373;0.000000;1.000000;
1.065536;1.000210;749.111963;-3.427703;1.007366;2.095980;1.000379;150.643170;23.710722;1.016237;0.999783;449.402030;36.584998;0.999136;1.607441;0.999656;108.175393;12.837519;1.001806;1.000241;0.999760;1.000241;0.999760;1.005471;1.005030;1.005232;0.995039;0.995706;0.992336;0.988299;0.000000;1.000000;
1.098304;1.000312;748.705505;-3.393437;1.007527;2.092743;1.000552;151.253711;23.648637;1.016387;0.999676;449.698790;36.700783;0.999239;1.605374;0.999490;107.954555;12.739985;1.001831;1.000356;0.999642;1.000356;0.999642;1.005633;1.005193;1.005395;0.995131;0.995775;0.992496;0.988367;0.000000;1.000000;
1.131072;1.000416;747.878118;-3.383291;1.007574;2.091808;1.000703;152.143908;23.582611;1.016437;0.999570;450.316052;36.850191;0.999435;1.601457;0.999335;107.490620;12.628209;1.001925;1.000468;0.999527;1.000468;0.999527;1.005685;1.005249;1.005449;0.995313;0.995923;0.992546;0.988514;0.000000;1.000000;
1.163840;1.000520;746.832862;-3.372373;1.007558;2.092138;1.000828;153.171573;23.501422;1.016424;0.999463;451.120566;37.005886;0.999673;1.596697;0.999197;106.875588;12.520391;1.002056;1.000576;0.999415;1.000576;0.999415;1.005673;1.005244;1.005442;0.995535;0.996109;0.992535;0.988699;0.000000;1.000000;
1.229376;1.000731;744.828763;-3.324124;1.007442;2.094442;1.001004;155.029147;23.318941;1.016297;0.999248;452.789099;37.283632;1.000158;1.586996;0.998976;105.598725;12.342404;1.002350;1.000780;0.999199;1.000780;0.999199;1.005564;1.005143;1.005339;0.995992;0.996499;0.992428;0.989085;0.000000;1.000000;
1.294912;1.000944;743.751671;-3.282252;1.007210;2.099097;1.001087;155.804937;23.204951;1.016043;0.999032;453.965086;37.498301;1.000602;1.578103;0.998836;104.790019;12.210960;1.002657;1.000970;0.998996;1.000970;0.998996;1.005333;1.004911;1.005109;0.996415;0.996875;0.992199;0.989458;0.000000;1.000000;
1.360448;1.001153;743.576927;-3.289376;1.006946;2.104375;1.001171;155.642729;23.200238;1.015776;0.998817;454.485554;37.687126;1.000989;1.570367;0.998713;104.591912;12.080890;1.002936;1.001156;0.998798;1.001156;0.998798;1.005069;1.004647;1.004845;0.996785;0.997212;0.991939;0.989792;0.000000;1.000000;
1.425984;1.001356;744.033690;-3.345220;1.006682;2.109648;1.001287;154.855029;23.286600;1.015533;0.998608;454.443610;37.861122;1.001313;1.563887;0.998583;104.904285;11.942629;1.003171;1.001343;0.998603;1.001343;0.998603;1.004806;1.004385;1.004583;0.997096;0.997499;0.991680;0.990077;0.000000;1.000000;
1.491520;1.001553;744.732996;-3.423668;1.006438;2.114538;1.001431;153.852452;23.412099;1.015322;0.998403;454.120555;38.026444;1.001590;1.558343;0.998439;105.458039;11.799728;1.003368;1.001531;0.998409;1.001531;0.998409;1.004563;1.004144;1.004340;0.997361;0.997746;0.991440;0.990321;0.000000;1.000000;
1.557056;1.001742;745.549909;-3.517208;1.006235;2.118591;1.001612;152.788229;23.560909;1.015162;0.998204;453.560265;38.177444;1.001803;1.554088;0.998274;106.193563;11.657001;1.003510;1.001719;0.998217;1.001719;0.998217;1.004362;1.003948;1.004141;0.997563;0.997935;0.991243;0.990508;0.000000;1.000000;
1.688128;1.002101;746.628322;-3.655704;1.006031;2.122680;1.002040;151.467548;23.772950;1.015025;0.997827;452.484772;38.407916;1.002018;1.549798;0.997883;107.437992;11.419915;1.003614;1.002090;0.997837;1.002090;0.997837;1.004163;1.003755;1.003944;0.997762;0.998114;0.991046;0.990686;0.000000;1.000000;
1.819200;1.002432;746.466927;-3.629793;1.006132;2.120646;1.002454;151.755713;23.735974;1.015116;0.997482;452.158822;38.466035;1.001915;1.551843;0.997470;107.664613;11.339061;1.003471;1.002436;0.997480;1.002436;0.997480;1.004264;1.003855;1.004044;0.997656;0.997998;0.991146;0.990571;0.000000;1.000000;
1.924943;1.002691;746.232208;-3.553779;1.006250;2.118292;1.002728;152.128466;23.643612;1.015193;0.997214;452.152800;38.443379;1.001770;1.554750;0.997177;107.541134;11.343642;1.003328;1.002698;0.997207;1.002698;0.997207;1.004377;1.003962;1.004154;0.997511;0.997854;0.991257;0.990429;0.000000;1.000000;
2.030686;1.002942;746.132477;-3.460668;1.006366;2.115972;1.002967;152.360069;23.543185;1.015256;0.996955;452.165843;38.379965;1.001598;1.558197;0.996915;107.379284;11.386946;1.003183;1.002947;0.996947;1.002947;0.996947;1.004486;1.004061;1.004258;0.997343;0.997693;0.991365;0.990268;0.000000;1.000000;
2.242172;1.003401;746.570903;-3.303944;1.006551;2.112272;1.003399;152.127408;23.414889;1.015346;0.996480;451.752637;38.183438;1.001229;1.565577;0.996462;107.487488;11.530205;1.002926;1.003400;0.996477;1.003400;0.996477;1.004655;1.004209;1.004417;0.996992;0.997375;0.991532;0.989953;0.000000;1.000000;
2.432509;1.003781;747.055232;-3.174406;1.006706;2.109169;1.003773;151.815316;23.317094;1.015421;0.996087;451.238017;37.981812;1.000898;1.572191;0.996080;107.732777;11.680833;1.002717;1.003780;0.996086;1.003780;0.996086;1.004797;1.004333;1.004549;0.996679;0.997100;0.991671;0.989681;0.000000;1.000000;
2.622847;1.004131;747.461054;-3.048295;1.006851;2.106264;1.004123;151.569988;23.217499;1.015489;0.995726;450.748693;37.767351;1.000584;1.578477;0.995723;107.968992;11.847372;1.002535;1.004130;0.995726;1.004130;0.995726;1.004930;1.004448;1.004672;0.996383;0.996844;0.991802;0.989427;0.000000;1.000000;
3.003521;1.004736;748.037250;-2.825169;1.007071;2.101864;1.004730;151.231283;23.031740;1.015573;0.995107;449.992892;37.349507;1.000067;1.588803;0.995105;108.319536;12.189297;1.002280;1.004735;0.995106;1.004735;0.995106;1.005128;1.004616;1.004855;0.995905;0.996443;0.991997;0.989030;0.000000;1.000000;
3.384196;1.005257;748.472693;-2.646889;1.007215;2.098986;1.005252;150.944741;22.881686;1.015607;0.994575;449.411622;36.981240;0.999679;1.596569;0.994575;108.603452;12.501452;1.002126;1.005256;0.994575;1.005256;0.994575;1.005254;1.004718;1.004968;0.995549;0.996156;0.992122;0.988745;0.000000;1.000000;
3.764871;1.005709;748.811175;-2.514457;1.007299;2.097308;1.005704;150.687256;22.771263;1.015609;0.994118;448.955684;36.676155;0.999401;1.602129;0.994119;108.852827;12.766301;1.002045;1.005708;0.994118;1.005708;0.994118;1.005325;1.004771;1.005029;0.995299;0.995964;0.992191;0.988554;0.000000;1.000000;
4.526220;1.006477;749.324910;-2.336860;1.007379;2.095706;1.006472;150.240026;22.627283;1.015577;0.993346;448.259359;36.207955;0.999032;1.609521;0.993350;109.284464;13.180149;1.001984;1.006476;0.993347;1.006476;0.993347;1.005386;1.004807;1.005078;0.994972;0.995727;0.992252;0.988320;0.000000;1.000000;
5.287570;1.007062;749.641613;-2.270668;1.007366;2.095980;1.007057;149.891446;22.582166;1.015519;0.992766;447.831493;35.936603;0.998884;1.612466;0.992770;109.620224;13.427912;1.002023;1.007061;0.992767;1.007061;0.992767;1.005365;1.004775;1.005051;0.994850;0.995660;0.992231;0.988254;0.000000;1.000000;
6.810269;1.007856;750.014465;-2.284200;1.007283;2.097632;1.007852;149.412944;22.621154;1.015439;0.991989;447.357696;35.726423;0.998831;1.613530;0.991993;110.078552;13.623987;1.002123;1.007855;0.991990;1.007855;0.991990;1.005281;1.004689;1.004965;0.994817;0.995674;0.992148;0.988267;0.000000;1.000000;
8.332968;1.008185;750.127822;-2.393657;1.007197;2.099341;1.008183;149.209821;22.739074;1.015417;0.991677;447.247776;35.804987;0.998933;1.611486;0.991679;110.270881;13.553811;1.002184;1.008185;0.991677;1.008185;0.991677;1.005204;1.004624;1.004894;0.994913;0.995760;0.992072;0.988352;0.000000;1.000000;
9.855667;1.008402;750.207409;-2.474012;1.007145;2.100398;1.008400;149.077059;22.825405;1.015411;0.991474;447.169618;35.874013;0.998995;1.610254;0.991475;110.395602;13.489075;1.002205;1.008402;0.991474;1.008402;0.991474;1.005157;1.004586;1.004852;0.994969;0.995805;0.992026;0.988397;0.000000;1.000000;
12.901065;1.008586;750.275508;-2.549558;1.007099;2.101313;1.008585;148.964118;22.906100;1.015410;0.991302;447.103019;35.942613;0.999047;1.609203;0.991303;110.500532;13.423922;1.002217;1.008586;0.991302;1.008586;0.991302;1.005118;1.004555;1.004817;0.995016;0.995842;0.991987;0.988434;0.000000;1.000000;
15.946463;1.008671;750.306929;-2.587078;1.007077;2.101746;1.008671;148.911771;22.946016;1.015410;0.991224;447.072251;35.977861;0.999072;1.608716;0.991224;110.548614;13.390202;1.002220;1.008671;0.991224;1.008671;0.991224;1.005099;1.004541;1.004800;0.995038;0.995858;0.991969;0.988449;0.000000;1.000000;
22.037259;1.008723;750.325720;-2.611030;1.007064;2.102015;1.008723;148.880130;22.971414;1.015411;0.991177;447.054102;36.000651;0.999087;1.608417;0.991177;110.577181;13.368342;1.002221;1.008723;0.991177;1.008723;0.991177;1.005087;1.004532;1.004790;0.995051;0.995867;0.991957;0.988459;0.000000;1.000000;
28.128055;1.008738;750.331348;-2.618529;1.007060;2.102098;1.008738;148.870582;22.979347;1.015411;0.991163;447.048760;36.007770;0.999091;1.608325;0.991163;110.585693;13.361508;1.002221;1.008738;0.991163;1.008738;0.991163;1.005084;1.004529;1.004787;0.995055;0.995870;0.991954;0.988461;0.000000;1.000000;
30.000000;1.008741;750.332352;-2.619897;1.007059;2.102113;1.008741;148.868860;22.980793;1.015412;0.991161;447.047813;36.009069;0.999092;1.608309;0.991161;110.587202;13.360261;1.002221;1.008741;0.991161;1.008741;0.991161;1.005083;1.004529;1.004786;0.995055;0.995870;0.991953;0.988462;0.000000;1.000000;
